,danceability,energy,key,loudness,mode,speechiness,acousticness,instrumentalness,liveness,valence,tempo,type,id,uri,track_href,analysis_url,duration_ms,time_signature
0,0.426,0.584,1,-5.293,1,0.296,0.0383,0.0,0.192,0.272,193.438,audio_features,557un1HgwYMuqfWGSTmnxw,spotify:track:557un1HgwYMuqfWGSTmnxw,https://api.spotify.com/v1/tracks/557un1HgwYMuqfWGSTmnxw,https://api.spotify.com/v1/audio-analysis/557un1HgwYMuqfWGSTmnxw,192587,4
1,0.892,0.714,4,-6.055,0,0.141,0.201,0.000234,0.0521,0.817,100.972,audio_features,1AWQoqb9bSvzTjaLralEkT,spotify:track:1AWQoqb9bSvzTjaLralEkT,https://api.spotify.com/v1/tracks/1AWQoqb9bSvzTjaLralEkT,https://api.spotify.com/v1/audio-analysis/1AWQoqb9bSvzTjaLralEkT,267267,4
2,0.759,0.699,0,-5.745,0,0.0307,0.202,0.000131,0.443,0.907,92.96,audio_features,3MjUtNVVq3C8Fn0MP3zhXa,spotify:track:3MjUtNVVq3C8Fn0MP3zhXa,https://api.spotify.com/v1/tracks/3MjUtNVVq3C8Fn0MP3zhXa,https://api.spotify.com/v1/audio-analysis/3MjUtNVVq3C8Fn0MP3zhXa,211067,4
3,0.778,0.824,10,-5.892,0,0.0707,0.284,0.0,0.405,0.758,100.024,audio_features,3ZFTkvIE7kyPt6Nu3PEa7V,spotify:track:3ZFTkvIE7kyPt6Nu3PEa7V,https://api.spotify.com/v1/tracks/3ZFTkvIE7kyPt6Nu3PEa7V,https://api.spotify.com/v1/audio-analysis/3ZFTkvIE7kyPt6Nu3PEa7V,218093,4
4,0.845,0.768,6,-5.448,1,0.188,0.00733,5.04e-06,0.0575,0.96,100.0,audio_features,7LqjznQwfrax7MjQXmxqdQ,spotify:track:7LqjznQwfrax7MjQXmxqdQ,https://api.spotify.com/v1/tracks/7LqjznQwfrax7MjQXmxqdQ,https://api.spotify.com/v1/audio-analysis/7LqjznQwfrax7MjQXmxqdQ,187840,4
5,0.689,0.694,6,-5.83,0,0.027,0.257,0.0,0.148,0.482,99.039,audio_features,47BBI51FKFwOMlIiX6m8ya,spotify:track:47BBI51FKFwOMlIiX6m8ya,https://api.spotify.com/v1/tracks/47BBI51FKFwOMlIiX6m8ya,https://api.spotify.com/v1/audio-analysis/47BBI51FKFwOMlIiX6m8ya,213307,4
6,0.692,0.711,0,-7.498,0,0.0317,0.225,0.0,0.12,0.875,125.135,audio_features,1TfqLAPs4K3s2rJMoCokcS,spotify:track:1TfqLAPs4K3s2rJMoCokcS,https://api.spotify.com/v1/tracks/1TfqLAPs4K3s2rJMoCokcS,https://api.spotify.com/v1/audio-analysis/1TfqLAPs4K3s2rJMoCokcS,216933,4
7,0.633,0.8,1,-6.945,1,0.166,0.209,0.000123,0.137,0.913,175.716,audio_features,11mwFrKvLXCbcVGNxffGyP,spotify:track:11mwFrKvLXCbcVGNxffGyP,https://api.spotify.com/v1/tracks/11mwFrKvLXCbcVGNxffGyP,https://api.spotify.com/v1/audio-analysis/11mwFrKvLXCbcVGNxffGyP,217573,4
8,0.755,0.837,2,-2.718,0,0.142,0.0991,0.0,0.289,0.714,120.028,audio_features,0HPD5WQqrq7wPWR7P7Dw1i,spotify:track:0HPD5WQqrq7wPWR7P7Dw1i,https://api.spotify.com/v1/tracks/0HPD5WQqrq7wPWR7P7Dw1i,https://api.spotify.com/v1/audio-analysis/0HPD5WQqrq7wPWR7P7Dw1i,199693,4
9,0.709,0.824,1,-8.824,1,0.0453,0.207,0.000307,0.0888,0.867,118.818,audio_features,2tUBqZG2AbRi7Q0BIrVrEj,spotify:track:2tUBqZG2AbRi7Q0BIrVrEj,https://api.spotify.com/v1/tracks/2tUBqZG2AbRi7Q0BIrVrEj,https://api.spotify.com/v1/audio-analysis/2tUBqZG2AbRi7Q0BIrVrEj,291293,4
10,0.664,0.758,2,-6.583,0,0.21,0.00238,0.0,0.0598,0.701,99.259,audio_features,0TwBtDAWpkpM3srywFVOV5,spotify:track:0TwBtDAWpkpM3srywFVOV5,https://api.spotify.com/v1/tracks/0TwBtDAWpkpM3srywFVOV5,https://api.spotify.com/v1/audio-analysis/0TwBtDAWpkpM3srywFVOV5,235933,4
11,0.704,0.861,2,-4.221,0,0.0493,0.587,0.0615,0.0992,0.636,128.99,audio_features,3u5N55tHf7hXATSQrjBh2q,spotify:track:3u5N55tHf7hXATSQrjBh2q,https://api.spotify.com/v1/tracks/3u5N55tHf7hXATSQrjBh2q,https://api.spotify.com/v1/audio-analysis/3u5N55tHf7hXATSQrjBh2q,213394,4
12,0.788,0.79,1,-6.14,0,0.0414,0.242,6.82e-06,0.204,0.867,107.645,audio_features,1aOmguVejTHGDMmXjNpSPo,spotify:track:1aOmguVejTHGDMmXjNpSPo,https://api.spotify.com/v1/tracks/1aOmguVejTHGDMmXjNpSPo,https://api.spotify.com/v1/audio-analysis/1aOmguVejTHGDMmXjNpSPo,196800,4
13,0.609,0.444,7,-9.129,1,0.106,0.603,6.86e-06,0.104,0.166,118.402,audio_features,3XVBdLihbNbxUwZosxcGuJ,spotify:track:3XVBdLihbNbxUwZosxcGuJ,https://api.spotify.com/v1/tracks/3XVBdLihbNbxUwZosxcGuJ,https://api.spotify.com/v1/audio-analysis/3XVBdLihbNbxUwZosxcGuJ,228707,3
14,0.774,0.838,5,-3.914,0,0.114,0.0249,0.025,0.242,0.924,143.04,audio_features,6I9VzXrHxO9rA9A5euc8Ak,spotify:track:6I9VzXrHxO9rA9A5euc8Ak,https://api.spotify.com/v1/tracks/6I9VzXrHxO9rA9A5euc8Ak,https://api.spotify.com/v1/audio-analysis/6I9VzXrHxO9rA9A5euc8Ak,198800,4
15,0.587,0.583,5,-5.284,0,0.0313,0.248,0.0,0.124,0.15,139.92,audio_features,0gJvqi9QyASOCtJu99tytc,spotify:track:0gJvqi9QyASOCtJu99tytc,https://api.spotify.com/v1/tracks/0gJvqi9QyASOCtJu99tytc,https://api.spotify.com/v1/audio-analysis/0gJvqi9QyASOCtJu99tytc,219493,4
16,0.605,0.629,10,-5.051,1,0.0278,0.434,0.0,0.097,0.308,99.893,audio_features,4AFwnrH5atiJoAd5xS5QtR,spotify:track:4AFwnrH5atiJoAd5xS5QtR,https://api.spotify.com/v1/tracks/4AFwnrH5atiJoAd5xS5QtR,https://api.spotify.com/v1/audio-analysis/4AFwnrH5atiJoAd5xS5QtR,241373,4
17,0.773,0.859,11,-4.913,1,0.0747,0.0855,0.000187,0.914,0.813,118.459,audio_features,3S2R0EVwBSAVMd5UMgKTL0,spotify:track:3S2R0EVwBSAVMd5UMgKTL0,https://api.spotify.com/v1/tracks/3S2R0EVwBSAVMd5UMgKTL0,https://api.spotify.com/v1/audio-analysis/3S2R0EVwBSAVMd5UMgKTL0,357267,4
18,0.486,0.617,5,-7.115,0,0.0287,0.0954,3.23e-06,0.109,0.417,138.015,audio_features,4zOfy9kqJlG0ZXvcaSh4gv,spotify:track:4zOfy9kqJlG0ZXvcaSh4gv,https://api.spotify.com/v1/tracks/4zOfy9kqJlG0ZXvcaSh4gv,https://api.spotify.com/v1/audio-analysis/4zOfy9kqJlG0ZXvcaSh4gv,242373,4
19,0.527,0.942,1,-5.64,0,0.0366,0.0115,0.0,0.188,0.495,148.723,audio_features,7FwBtcecmlpc1sLySPXeGE,spotify:track:7FwBtcecmlpc1sLySPXeGE,https://api.spotify.com/v1/tracks/7FwBtcecmlpc1sLySPXeGE,https://api.spotify.com/v1/audio-analysis/7FwBtcecmlpc1sLySPXeGE,241307,4
20,0.777,0.725,5,-9.012,1,0.047,0.126,0.0108,0.0917,0.851,128.349,audio_features,6wLr2oR8eqUG5Beleh2Crm,spotify:track:6wLr2oR8eqUG5Beleh2Crm,https://api.spotify.com/v1/tracks/6wLr2oR8eqUG5Beleh2Crm,https://api.spotify.com/v1/audio-analysis/6wLr2oR8eqUG5Beleh2Crm,276360,4
21,0.785,0.824,4,-4.203,0,0.0365,0.144,0.0,0.0424,0.841,113.501,audio_features,10A03OyuWyErmqSxsMGX96,spotify:track:10A03OyuWyErmqSxsMGX96,https://api.spotify.com/v1/tracks/10A03OyuWyErmqSxsMGX96,https://api.spotify.com/v1/audio-analysis/10A03OyuWyErmqSxsMGX96,235427,4
22,0.682,0.742,11,-7.595,1,0.0492,0.135,0.209,0.0979,0.356,130.033,audio_features,2wUlYDGGXlSvm2NkGj0Qio,spotify:track:2wUlYDGGXlSvm2NkGj0Qio,https://api.spotify.com/v1/tracks/2wUlYDGGXlSvm2NkGj0Qio,https://api.spotify.com/v1/audio-analysis/2wUlYDGGXlSvm2NkGj0Qio,294773,4
23,0.575,0.643,2,-8.854,0,0.0331,0.136,1.65e-06,0.249,0.789,152.854,audio_features,5WDLRQ3VCdVrKw0njWe5E5,spotify:track:5WDLRQ3VCdVrKw0njWe5E5,https://api.spotify.com/v1/tracks/5WDLRQ3VCdVrKw0njWe5E5,https://api.spotify.com/v1/audio-analysis/5WDLRQ3VCdVrKw0njWe5E5,300107,4
24,0.743,0.766,0,-6.375,1,0.0265,0.0873,0.0,0.509,0.61,127.96,audio_features,4kLLWz7srcuLKA7Et40PQR,spotify:track:4kLLWz7srcuLKA7Et40PQR,https://api.spotify.com/v1/tracks/4kLLWz7srcuLKA7Et40PQR,https://api.spotify.com/v1/audio-analysis/4kLLWz7srcuLKA7Et40PQR,289133,4
25,0.771,0.655,3,-10.842,0,0.0372,0.152,0.00197,0.0685,0.97,119.747,audio_features,1ZPlNanZsJSPK5h9YZZFbZ,spotify:track:1ZPlNanZsJSPK5h9YZZFbZ,https://api.spotify.com/v1/tracks/1ZPlNanZsJSPK5h9YZZFbZ,https://api.spotify.com/v1/audio-analysis/1ZPlNanZsJSPK5h9YZZFbZ,218627,4
26,0.751,0.501,5,-12.151,1,0.0551,0.234,0.112,0.0467,0.902,167.057,audio_features,4o6BgsqLIBViaGVbx5rbRk,spotify:track:4o6BgsqLIBViaGVbx5rbRk,https://api.spotify.com/v1/tracks/4o6BgsqLIBViaGVbx5rbRk,https://api.spotify.com/v1/audio-analysis/4o6BgsqLIBViaGVbx5rbRk,190627,4
27,0.932,0.457,11,-9.62,0,0.0541,0.0173,0.0436,0.0414,0.884,117.002,audio_features,7J1uxwnxfQLu4APicE5Rnj,spotify:track:7J1uxwnxfQLu4APicE5Rnj,https://api.spotify.com/v1/tracks/7J1uxwnxfQLu4APicE5Rnj,https://api.spotify.com/v1/audio-analysis/7J1uxwnxfQLu4APicE5Rnj,294227,4
28,0.671,0.712,2,-7.815,1,0.0476,0.429,0.0,0.103,0.462,113.805,audio_features,2fuCquhmrzHpu5xcA1ci9x,spotify:track:2fuCquhmrzHpu5xcA1ci9x,https://api.spotify.com/v1/tracks/2fuCquhmrzHpu5xcA1ci9x,https://api.spotify.com/v1/audio-analysis/2fuCquhmrzHpu5xcA1ci9x,248440,4
29,0.817,0.599,0,-9.249,0,0.0328,0.132,0.000311,0.0873,0.548,108.873,audio_features,2KH16WveTQWT6KOG9Rg6e2,spotify:track:2KH16WveTQWT6KOG9Rg6e2,https://api.spotify.com/v1/tracks/2KH16WveTQWT6KOG9Rg6e2,https://api.spotify.com/v1/audio-analysis/2KH16WveTQWT6KOG9Rg6e2,245640,4
30,0.808,0.812,8,-5.012,1,0.0381,0.52,7.91e-05,0.134,0.269,100.331,audio_features,1kiNatIrwDusOZfR29W0LJ,spotify:track:1kiNatIrwDusOZfR29W0LJ,https://api.spotify.com/v1/tracks/1kiNatIrwDusOZfR29W0LJ,https://api.spotify.com/v1/audio-analysis/1kiNatIrwDusOZfR29W0LJ,318680,4
31,0.887,0.48,11,-11.994,1,0.117,0.0094,3.58e-05,0.0662,0.607,95.846,audio_features,0HEmnAUT8PHznIAAmVXqFJ,spotify:track:0HEmnAUT8PHznIAAmVXqFJ,https://api.spotify.com/v1/tracks/0HEmnAUT8PHznIAAmVXqFJ,https://api.spotify.com/v1/audio-analysis/0HEmnAUT8PHznIAAmVXqFJ,193200,4
32,0.554,0.783,6,-5.852,1,0.0457,0.416,1.54e-06,0.631,0.813,105.39,audio_features,4w3tQBXhn5345eUXDGBWZG,spotify:track:4w3tQBXhn5345eUXDGBWZG,https://api.spotify.com/v1/tracks/4w3tQBXhn5345eUXDGBWZG,https://api.spotify.com/v1/audio-analysis/4w3tQBXhn5345eUXDGBWZG,162467,4
33,0.711,0.292,4,-15.523,0,0.037,0.313,0.0,0.131,0.194,103.951,audio_features,2M9ro2krNb7nr7HSprkEgo,spotify:track:2M9ro2krNb7nr7HSprkEgo,https://api.spotify.com/v1/tracks/2M9ro2krNb7nr7HSprkEgo,https://api.spotify.com/v1/audio-analysis/2M9ro2krNb7nr7HSprkEgo,296800,4
34,0.663,0.784,6,-11.245,0,0.0438,0.125,0.00348,0.214,0.505,108.492,audio_features,2JCTiiJQFWQNC0Zp8rsJRB,spotify:track:2JCTiiJQFWQNC0Zp8rsJRB,https://api.spotify.com/v1/tracks/2JCTiiJQFWQNC0Zp8rsJRB,https://api.spotify.com/v1/audio-analysis/2JCTiiJQFWQNC0Zp8rsJRB,289067,4
35,0.715,0.796,4,-4.889,0,0.0534,0.0284,0.0,0.0658,0.431,129.041,audio_features,7eXrGBrl1mBKhxlWX0IoOQ,spotify:track:7eXrGBrl1mBKhxlWX0IoOQ,https://api.spotify.com/v1/tracks/7eXrGBrl1mBKhxlWX0IoOQ,https://api.spotify.com/v1/audio-analysis/7eXrGBrl1mBKhxlWX0IoOQ,218707,4
36,0.888,0.5,10,-7.801,0,0.0505,0.0948,0.03,0.0867,0.842,123.229,audio_features,2a1cUvC0Df5Syc3BJJgWap,spotify:track:2a1cUvC0Df5Syc3BJJgWap,https://api.spotify.com/v1/tracks/2a1cUvC0Df5Syc3BJJgWap,https://api.spotify.com/v1/audio-analysis/2a1cUvC0Df5Syc3BJJgWap,519840,4
37,0.54,0.49,10,-10.151,1,0.027,0.414,0.000896,0.142,0.336,130.992,audio_features,19wadMw1A8XejDV4p5wMt1,spotify:track:19wadMw1A8XejDV4p5wMt1,https://api.spotify.com/v1/tracks/19wadMw1A8XejDV4p5wMt1,https://api.spotify.com/v1/audio-analysis/19wadMw1A8XejDV4p5wMt1,305067,4
38,0.675,0.649,5,-10.271,1,0.0319,0.0204,0.0,0.0959,0.596,116.624,audio_features,0odIT9B9BvOCnXfS0e4lB5,spotify:track:0odIT9B9BvOCnXfS0e4lB5,https://api.spotify.com/v1/tracks/0odIT9B9BvOCnXfS0e4lB5,https://api.spotify.com/v1/audio-analysis/0odIT9B9BvOCnXfS0e4lB5,228000,4
39,0.724,0.523,11,-11.139,1,0.116,0.0745,0.703,0.0811,0.965,185.075,audio_features,4xiyq1iRdsxuU1BPUJ490Z,spotify:track:4xiyq1iRdsxuU1BPUJ490Z,https://api.spotify.com/v1/tracks/4xiyq1iRdsxuU1BPUJ490Z,https://api.spotify.com/v1/audio-analysis/4xiyq1iRdsxuU1BPUJ490Z,203267,4
40,0.885,0.844,10,-9.225,0,0.0733,0.0147,4.49e-06,0.0494,0.715,124.602,audio_features,21qnJAMtzC6S5SESuqQLEK,spotify:track:21qnJAMtzC6S5SESuqQLEK,https://api.spotify.com/v1/tracks/21qnJAMtzC6S5SESuqQLEK,https://api.spotify.com/v1/audio-analysis/21qnJAMtzC6S5SESuqQLEK,320307,4
41,0.71,0.68,1,-4.676,1,0.106,0.0078,0.0165,0.0493,0.571,129.971,audio_features,3JTMWdhcJPiegDSe7SvZS3,spotify:track:3JTMWdhcJPiegDSe7SvZS3,https://api.spotify.com/v1/tracks/3JTMWdhcJPiegDSe7SvZS3,https://api.spotify.com/v1/audio-analysis/3JTMWdhcJPiegDSe7SvZS3,194253,4
42,0.671,0.373,9,-18.064,1,0.0323,0.257,8.01e-05,0.0481,0.732,92.718,audio_features,2374M0fQpWi3dLnB54qaLX,spotify:track:2374M0fQpWi3dLnB54qaLX,https://api.spotify.com/v1/tracks/2374M0fQpWi3dLnB54qaLX,https://api.spotify.com/v1/audio-analysis/2374M0fQpWi3dLnB54qaLX,295893,4
43,0.754,0.927,5,-2.597,1,0.0313,0.173,3.22e-06,0.307,0.975,119.494,audio_features,2j8bXaOBeEeyoY4ZpCcFIW,spotify:track:2j8bXaOBeEeyoY4ZpCcFIW,https://api.spotify.com/v1/tracks/2j8bXaOBeEeyoY4ZpCcFIW,https://api.spotify.com/v1/audio-analysis/2j8bXaOBeEeyoY4ZpCcFIW,171720,4
44,0.741,0.838,11,-7.622,0,0.0637,0.407,0.0,0.138,0.586,115.689,audio_features,23M7cQkNJLiddeubvVgaQl,spotify:track:23M7cQkNJLiddeubvVgaQl,https://api.spotify.com/v1/tracks/23M7cQkNJLiddeubvVgaQl,https://api.spotify.com/v1/audio-analysis/23M7cQkNJLiddeubvVgaQl,257600,4
45,0.724,0.802,10,-6.117,0,0.0337,0.25,0.0016,0.342,0.729,143.116,audio_features,0Z9UkcT1pnrmLciUJPcMMS,spotify:track:0Z9UkcT1pnrmLciUJPcMMS,https://api.spotify.com/v1/tracks/0Z9UkcT1pnrmLciUJPcMMS,https://api.spotify.com/v1/audio-analysis/0Z9UkcT1pnrmLciUJPcMMS,290720,4
46,0.799,0.602,0,-9.714,0,0.061,0.117,0.000267,0.0658,0.717,94.333,audio_features,7nVzOpFNZVFZtbq3OGJHX9,spotify:track:7nVzOpFNZVFZtbq3OGJHX9,https://api.spotify.com/v1/tracks/7nVzOpFNZVFZtbq3OGJHX9,https://api.spotify.com/v1/audio-analysis/7nVzOpFNZVFZtbq3OGJHX9,239800,4
47,0.54,0.429,2,-11.822,1,0.0285,0.000202,0.355,0.141,0.113,110.171,audio_features,6ADSaE87h8Y3lccZlBJdXH,spotify:track:6ADSaE87h8Y3lccZlBJdXH,https://api.spotify.com/v1/tracks/6ADSaE87h8Y3lccZlBJdXH,https://api.spotify.com/v1/audio-analysis/6ADSaE87h8Y3lccZlBJdXH,295516,4
48,0.526,0.358,4,-7.239,0,0.0243,0.525,0.0,0.0942,0.399,78.989,audio_features,5MoDQWMDMaAGDEiWsJfeCi,spotify:track:5MoDQWMDMaAGDEiWsJfeCi,https://api.spotify.com/v1/tracks/5MoDQWMDMaAGDEiWsJfeCi,https://api.spotify.com/v1/audio-analysis/5MoDQWMDMaAGDEiWsJfeCi,238027,3
49,0.64,0.649,2,-10.345,1,0.0264,0.216,8.3e-05,0.0551,0.865,124.825,audio_features,4CoSCPlKNrWli7E5kFtbcl,spotify:track:4CoSCPlKNrWli7E5kFtbcl,https://api.spotify.com/v1/tracks/4CoSCPlKNrWli7E5kFtbcl,https://api.spotify.com/v1/audio-analysis/4CoSCPlKNrWli7E5kFtbcl,221053,4
50,0.537,0.789,10,-5.578,0,0.0549,0.372,2.66e-05,0.138,0.527,123.763,audio_features,1HPJOoIVdUPuaebxzMrVaD,spotify:track:1HPJOoIVdUPuaebxzMrVaD,https://api.spotify.com/v1/tracks/1HPJOoIVdUPuaebxzMrVaD,https://api.spotify.com/v1/audio-analysis/1HPJOoIVdUPuaebxzMrVaD,209013,4
51,0.672,0.813,2,-6.142,0,0.0378,0.0681,7.53e-06,0.1,0.814,134.239,audio_features,3bBE6dotfVu7eUeMdDe74a,spotify:track:3bBE6dotfVu7eUeMdDe74a,https://api.spotify.com/v1/tracks/3bBE6dotfVu7eUeMdDe74a,https://api.spotify.com/v1/audio-analysis/3bBE6dotfVu7eUeMdDe74a,248280,4
52,0.658,0.963,1,-3.283,0,0.0326,0.00283,2.38e-06,0.951,0.793,134.798,audio_features,3vSn1frPgFcRXrjWOfhMLl,spotify:track:3vSn1frPgFcRXrjWOfhMLl,https://api.spotify.com/v1/tracks/3vSn1frPgFcRXrjWOfhMLl,https://api.spotify.com/v1/audio-analysis/3vSn1frPgFcRXrjWOfhMLl,240867,4
53,0.431,0.59,4,-6.362,1,0.0284,0.163,1.11e-05,0.0981,0.257,150.193,audio_features,7CKbqqrs0AS1si1ZgaQdcj,spotify:track:7CKbqqrs0AS1si1ZgaQdcj,https://api.spotify.com/v1/tracks/7CKbqqrs0AS1si1ZgaQdcj,https://api.spotify.com/v1/audio-analysis/7CKbqqrs0AS1si1ZgaQdcj,265333,4
54,0.713,0.678,5,-3.525,0,0.102,0.273,0.0,0.149,0.734,138.009,audio_features,7H6ev70Weq6DdpZyyTmUXk,spotify:track:7H6ev70Weq6DdpZyyTmUXk,https://api.spotify.com/v1/tracks/7H6ev70Weq6DdpZyyTmUXk,https://api.spotify.com/v1/audio-analysis/7H6ev70Weq6DdpZyyTmUXk,271333,4
55,0.673,0.863,5,-10.352,1,0.0451,0.243,3.23e-05,0.0601,0.938,91.703,audio_features,1wZ7o1mZysv1l26ZWawVfW,spotify:track:1wZ7o1mZysv1l26ZWawVfW,https://api.spotify.com/v1/tracks/1wZ7o1mZysv1l26ZWawVfW,https://api.spotify.com/v1/audio-analysis/1wZ7o1mZysv1l26ZWawVfW,390867,4
56,0.633,0.921,11,-7.719,0,0.0495,0.0261,0.00102,0.309,0.925,119.865,audio_features,6y0Etr2KJr0sdcEp7ajoUK,spotify:track:6y0Etr2KJr0sdcEp7ajoUK,https://api.spotify.com/v1/tracks/6y0Etr2KJr0sdcEp7ajoUK,https://api.spotify.com/v1/audio-analysis/6y0Etr2KJr0sdcEp7ajoUK,244147,4
57,0.382,0.593,0,-11.964,0,0.0323,0.355,0.0174,0.123,0.223,113.002,audio_features,1JekRMGQ8iN4G1AAdh0SBa,spotify:track:1JekRMGQ8iN4G1AAdh0SBa,https://api.spotify.com/v1/tracks/1JekRMGQ8iN4G1AAdh0SBa,https://api.spotify.com/v1/audio-analysis/1JekRMGQ8iN4G1AAdh0SBa,372867,4
58,0.741,0.29,5,-13.251,1,0.0302,0.294,0.118,0.0924,0.443,93.699,audio_features,3fbnbn6A5O5RNb08tlUEgd,spotify:track:3fbnbn6A5O5RNb08tlUEgd,https://api.spotify.com/v1/tracks/3fbnbn6A5O5RNb08tlUEgd,https://api.spotify.com/v1/audio-analysis/3fbnbn6A5O5RNb08tlUEgd,195080,4
59,0.881,0.874,6,-4.505,1,0.139,0.0175,1.14e-06,0.154,0.858,107.891,audio_features,0weAUscowxeqDtpCgtbpgp,spotify:track:0weAUscowxeqDtpCgtbpgp,https://api.spotify.com/v1/tracks/0weAUscowxeqDtpCgtbpgp,https://api.spotify.com/v1/audio-analysis/0weAUscowxeqDtpCgtbpgp,227933,4
60,0.687,0.918,7,-4.676,1,0.0392,0.00211,1.26e-05,0.344,0.747,110.06,audio_features,73q3FpQVXWk5eSUnyo83E4,spotify:track:73q3FpQVXWk5eSUnyo83E4,https://api.spotify.com/v1/tracks/73q3FpQVXWk5eSUnyo83E4,https://api.spotify.com/v1/audio-analysis/73q3FpQVXWk5eSUnyo83E4,209400,4
61,0.768,0.864,11,-6.145,1,0.0324,0.101,0.0,0.162,0.891,110.008,audio_features,1Je1IMUlBXcx1Fz0WE7oPT,spotify:track:1Je1IMUlBXcx1Fz0WE7oPT,https://api.spotify.com/v1/tracks/1Je1IMUlBXcx1Fz0WE7oPT,https://api.spotify.com/v1/audio-analysis/1Je1IMUlBXcx1Fz0WE7oPT,173027,4
62,0.601,0.504,5,-9.761,1,0.0284,0.31,0.0,0.137,0.564,78.986,audio_features,6vcdzohhBSbNdsZBh5IRpQ,spotify:track:6vcdzohhBSbNdsZBh5IRpQ,https://api.spotify.com/v1/tracks/6vcdzohhBSbNdsZBh5IRpQ,https://api.spotify.com/v1/audio-analysis/6vcdzohhBSbNdsZBh5IRpQ,242267,4
63,0.668,0.871,10,-10.596,1,0.055,0.0489,0.15,0.166,0.906,120.025,audio_features,3ybu5Kan1i9Pf9QU6IP3Fe,spotify:track:3ybu5Kan1i9Pf9QU6IP3Fe,https://api.spotify.com/v1/tracks/3ybu5Kan1i9Pf9QU6IP3Fe,https://api.spotify.com/v1/audio-analysis/3ybu5Kan1i9Pf9QU6IP3Fe,280827,4
64,0.741,0.894,4,-3.826,1,0.0496,0.0814,0.0527,0.089,0.96,114.879,audio_features,2Cy7QY8HPLk925AyNAt6OG,spotify:track:2Cy7QY8HPLk925AyNAt6OG,https://api.spotify.com/v1/tracks/2Cy7QY8HPLk925AyNAt6OG,https://api.spotify.com/v1/audio-analysis/2Cy7QY8HPLk925AyNAt6OG,202853,4
65,0.867,0.517,11,-13.222,0,0.0875,0.00456,0.000339,0.0864,0.866,133.148,audio_features,1B75hgRqe7A4fwee3g3Wmu,spotify:track:1B75hgRqe7A4fwee3g3Wmu,https://api.spotify.com/v1/tracks/1B75hgRqe7A4fwee3g3Wmu,https://api.spotify.com/v1/audio-analysis/1B75hgRqe7A4fwee3g3Wmu,257360,4
66,0.557,0.74,6,-10.999,1,0.0879,0.0018,0.422,0.148,0.801,114.379,audio_features,36rXHqN7D1ETFhyKXXKs4w,spotify:track:36rXHqN7D1ETFhyKXXKs4w,https://api.spotify.com/v1/tracks/36rXHqN7D1ETFhyKXXKs4w,https://api.spotify.com/v1/audio-analysis/36rXHqN7D1ETFhyKXXKs4w,243693,4
67,0.704,0.636,9,-6.029,1,0.0252,0.0344,0.0,0.35,0.89,111.845,audio_features,7aQjPecQdIuNd1sz3KCDhD,spotify:track:7aQjPecQdIuNd1sz3KCDhD,https://api.spotify.com/v1/tracks/7aQjPecQdIuNd1sz3KCDhD,https://api.spotify.com/v1/audio-analysis/7aQjPecQdIuNd1sz3KCDhD,193953,4
68,0.52,0.709,5,-7.125,0,0.0352,0.247,1.78e-05,0.18,0.536,76.039,audio_features,6urCAbunOQI4bLhmGpX7iS,spotify:track:6urCAbunOQI4bLhmGpX7iS,https://api.spotify.com/v1/tracks/6urCAbunOQI4bLhmGpX7iS,https://api.spotify.com/v1/audio-analysis/6urCAbunOQI4bLhmGpX7iS,263560,4
69,0.526,0.763,0,-12.663,0,0.0341,0.00126,6.75e-05,0.359,0.514,136.205,audio_features,4QlzkaRHtU8gAdwqjWmO8n,spotify:track:4QlzkaRHtU8gAdwqjWmO8n,https://api.spotify.com/v1/tracks/4QlzkaRHtU8gAdwqjWmO8n,https://api.spotify.com/v1/audio-analysis/4QlzkaRHtU8gAdwqjWmO8n,215160,4
70,0.626,0.134,6,-14.898,1,0.0298,0.467,0.0,0.113,0.239,91.893,audio_features,1gVgkQFOKa8Wc1HYsJtPdH,spotify:track:1gVgkQFOKa8Wc1HYsJtPdH,https://api.spotify.com/v1/tracks/1gVgkQFOKa8Wc1HYsJtPdH,https://api.spotify.com/v1/audio-analysis/1gVgkQFOKa8Wc1HYsJtPdH,334107,4
71,0.964,0.595,1,-6.887,0,0.109,0.0248,5.14e-06,0.0405,0.629,128.593,audio_features,3rKCDtV8UcF0RytSiXxypc,spotify:track:3rKCDtV8UcF0RytSiXxypc,https://api.spotify.com/v1/tracks/3rKCDtV8UcF0RytSiXxypc,https://api.spotify.com/v1/audio-analysis/3rKCDtV8UcF0RytSiXxypc,261880,4
72,0.619,0.67,11,-10.322,0,0.0353,0.00165,0.0109,0.331,0.777,129.269,audio_features,45Ia1U4KtIjAPPU7Wv1Sea,spotify:track:45Ia1U4KtIjAPPU7Wv1Sea,https://api.spotify.com/v1/tracks/45Ia1U4KtIjAPPU7Wv1Sea,https://api.spotify.com/v1/audio-analysis/45Ia1U4KtIjAPPU7Wv1Sea,211933,4
73,0.69,0.74,10,-3.342,1,0.0351,0.447,0.0,0.0858,0.657,125.092,audio_features,2mqaYmF0XmV8egZB6jQOtN,spotify:track:2mqaYmF0XmV8egZB6jQOtN,https://api.spotify.com/v1/tracks/2mqaYmF0XmV8egZB6jQOtN,https://api.spotify.com/v1/audio-analysis/2mqaYmF0XmV8egZB6jQOtN,233415,4
74,0.632,0.856,10,-3.463,1,0.0348,0.0624,0.0,0.347,0.867,119.397,audio_features,3Fzlg5r1IjhLk2qRw667od,spotify:track:3Fzlg5r1IjhLk2qRw667od,https://api.spotify.com/v1/tracks/3Fzlg5r1IjhLk2qRw667od,https://api.spotify.com/v1/audio-analysis/3Fzlg5r1IjhLk2qRw667od,232693,4
75,0.82,0.528,9,-11.179,1,0.0321,0.111,0.0186,0.257,0.931,120.091,audio_features,3ZpQiJ78LKINrW9SQTgbXd,spotify:track:3ZpQiJ78LKINrW9SQTgbXd,https://api.spotify.com/v1/tracks/3ZpQiJ78LKINrW9SQTgbXd,https://api.spotify.com/v1/audio-analysis/3ZpQiJ78LKINrW9SQTgbXd,272107,4
76,0.547,0.707,0,-8.74,1,0.0338,8.14e-05,0.000149,0.285,0.654,119.576,audio_features,0smyCrJiibi2uwCiq5R1vj,spotify:track:0smyCrJiibi2uwCiq5R1vj,https://api.spotify.com/v1/tracks/0smyCrJiibi2uwCiq5R1vj,https://api.spotify.com/v1/audio-analysis/0smyCrJiibi2uwCiq5R1vj,242733,4
77,0.743,0.675,8,-4.267,0,0.0953,0.0251,0.000717,0.0685,0.59,92.909,audio_features,1KGi9sZVMeszgZOWivFpxs,spotify:track:1KGi9sZVMeszgZOWivFpxs,https://api.spotify.com/v1/tracks/1KGi9sZVMeszgZOWivFpxs,https://api.spotify.com/v1/audio-analysis/1KGi9sZVMeszgZOWivFpxs,214400,4
78,0.736,0.811,9,-4.17,0,0.081,0.00132,0.000142,0.107,0.609,103.502,audio_features,4BggEwLhGfrbrl7JBhC8EC,spotify:track:4BggEwLhGfrbrl7JBhC8EC,https://api.spotify.com/v1/tracks/4BggEwLhGfrbrl7JBhC8EC,https://api.spotify.com/v1/audio-analysis/4BggEwLhGfrbrl7JBhC8EC,216733,4
79,0.543,0.912,7,-10.71,1,0.0601,0.00162,2.1e-06,0.0565,0.836,103.731,audio_features,4ePP9So5xRzspjLFVVbj90,spotify:track:4ePP9So5xRzspjLFVVbj90,https://api.spotify.com/v1/tracks/4ePP9So5xRzspjLFVVbj90,https://api.spotify.com/v1/audio-analysis/4ePP9So5xRzspjLFVVbj90,256733,4
80,0.621,0.901,2,-5.396,1,0.0302,0.17,0.0,0.0875,0.744,113.967,audio_features,1Cwsd5xI8CajJz795oy4XF,spotify:track:1Cwsd5xI8CajJz795oy4XF,https://api.spotify.com/v1/tracks/1Cwsd5xI8CajJz795oy4XF,https://api.spotify.com/v1/audio-analysis/1Cwsd5xI8CajJz795oy4XF,300773,4
81,0.383,0.662,2,-5.162,1,0.0333,0.165,0.0,0.248,0.138,121.154,audio_features,225xvV8r1yKMHErSWivnow,spotify:track:225xvV8r1yKMHErSWivnow,https://api.spotify.com/v1/tracks/225xvV8r1yKMHErSWivnow,https://api.spotify.com/v1/audio-analysis/225xvV8r1yKMHErSWivnow,298760,4
82,0.823,0.417,2,-12.643,1,0.032,0.562,0.00098,0.0765,0.522,111.928,audio_features,39qYD4J4BKvZMQgxfXl5bv,spotify:track:39qYD4J4BKvZMQgxfXl5bv,https://api.spotify.com/v1/tracks/39qYD4J4BKvZMQgxfXl5bv,https://api.spotify.com/v1/audio-analysis/39qYD4J4BKvZMQgxfXl5bv,276280,4
83,0.727,0.974,4,-2.261,0,0.0664,0.103,0.000532,0.174,0.965,79.526,audio_features,2PpruBYCo4H7WOBJ7Q2EwM,spotify:track:2PpruBYCo4H7WOBJ7Q2EwM,https://api.spotify.com/v1/tracks/2PpruBYCo4H7WOBJ7Q2EwM,https://api.spotify.com/v1/audio-analysis/2PpruBYCo4H7WOBJ7Q2EwM,235213,4
84,0.593,0.642,2,-7.284,1,0.0299,0.313,0.000582,0.0804,0.736,76.403,audio_features,5TAf4lnZCZTLlZHNZMLFLi,spotify:track:5TAf4lnZCZTLlZHNZMLFLi,https://api.spotify.com/v1/tracks/5TAf4lnZCZTLlZHNZMLFLi,https://api.spotify.com/v1/audio-analysis/5TAf4lnZCZTLlZHNZMLFLi,239440,4
85,0.533,0.272,9,-12.9,1,0.031,0.667,0.0,0.111,0.133,120.02,audio_features,5mgCMlxQW7fmHbrdJuowbB,spotify:track:5mgCMlxQW7fmHbrdJuowbB,https://api.spotify.com/v1/tracks/5mgCMlxQW7fmHbrdJuowbB,https://api.spotify.com/v1/audio-analysis/5mgCMlxQW7fmHbrdJuowbB,257922,4
86,0.649,0.647,9,-7.695,0,0.0452,0.0039,0.161,0.0686,0.405,125.02,audio_features,3850dYVgOFIXJh5U4BFEWH,spotify:track:3850dYVgOFIXJh5U4BFEWH,https://api.spotify.com/v1/tracks/3850dYVgOFIXJh5U4BFEWH,https://api.spotify.com/v1/audio-analysis/3850dYVgOFIXJh5U4BFEWH,337733,4
87,0.82,0.731,9,-6.02,1,0.159,0.0133,1.94e-05,0.131,0.793,127.076,audio_features,5RzFJd6W40SDTyZkX6xx45,spotify:track:5RzFJd6W40SDTyZkX6xx45,https://api.spotify.com/v1/tracks/5RzFJd6W40SDTyZkX6xx45,https://api.spotify.com/v1/audio-analysis/5RzFJd6W40SDTyZkX6xx45,237120,4
88,0.557,0.8,10,-8.477,1,0.0601,0.00132,0.0012,0.0906,0.582,135.47,audio_features,1sTsuZTdANkiFd7T34H3nb,spotify:track:1sTsuZTdANkiFd7T34H3nb,https://api.spotify.com/v1/tracks/1sTsuZTdANkiFd7T34H3nb,https://api.spotify.com/v1/audio-analysis/1sTsuZTdANkiFd7T34H3nb,245373,4
89,0.851,0.806,4,-4.62,1,0.0787,0.118,1.64e-06,0.121,0.787,118.999,audio_features,1QV6tiMFM6fSOKOGLMHYYg,spotify:track:1QV6tiMFM6fSOKOGLMHYYg,https://api.spotify.com/v1/tracks/1QV6tiMFM6fSOKOGLMHYYg,https://api.spotify.com/v1/audio-analysis/1QV6tiMFM6fSOKOGLMHYYg,237200,4
90,0.802,0.903,11,-3.267,0,0.046,0.0011,0.0,0.173,0.96,128.93,audio_features,02jcEwywffn3Tsb48fXmlW,spotify:track:02jcEwywffn3Tsb48fXmlW,https://api.spotify.com/v1/tracks/02jcEwywffn3Tsb48fXmlW,https://api.spotify.com/v1/audio-analysis/02jcEwywffn3Tsb48fXmlW,192533,4
91,0.819,0.774,4,-2.53,0,0.101,0.0297,0.000626,0.0896,0.947,95.004,audio_features,4oY2T9ur7Ll5b2kpBlcWcb,spotify:track:4oY2T9ur7Ll5b2kpBlcWcb,https://api.spotify.com/v1/tracks/4oY2T9ur7Ll5b2kpBlcWcb,https://api.spotify.com/v1/audio-analysis/4oY2T9ur7Ll5b2kpBlcWcb,265933,4
92,0.59,0.976,11,-4.866,0,0.0488,0.000154,0.293,0.155,0.686,114.996,audio_features,3j4viUIDSuB4xfYYlp3Lpa,spotify:track:3j4viUIDSuB4xfYYlp3Lpa,https://api.spotify.com/v1/tracks/3j4viUIDSuB4xfYYlp3Lpa,https://api.spotify.com/v1/audio-analysis/3j4viUIDSuB4xfYYlp3Lpa,213240,4
93,0.793,0.688,2,-4.216,1,0.0328,0.079,0.0604,0.145,0.221,120.058,audio_features,3N9pOaB1a8nIULbCgmEVXc,spotify:track:3N9pOaB1a8nIULbCgmEVXc,https://api.spotify.com/v1/tracks/3N9pOaB1a8nIULbCgmEVXc,https://api.spotify.com/v1/audio-analysis/3N9pOaB1a8nIULbCgmEVXc,242773,4
94,0.557,0.803,1,-3.599,0,0.213,0.0124,1.61e-06,0.737,0.657,92.134,audio_features,0l0CvurVUrr2w3Jj1hOVFc,spotify:track:0l0CvurVUrr2w3Jj1hOVFc,https://api.spotify.com/v1/tracks/0l0CvurVUrr2w3Jj1hOVFc,https://api.spotify.com/v1/audio-analysis/0l0CvurVUrr2w3Jj1hOVFc,213507,4
95,0.967,0.599,7,-5.659,0,0.0706,0.0679,0.0,0.0526,0.964,117.0,audio_features,4Lvc9SbPc0svm9TEoMgFzB,spotify:track:4Lvc9SbPc0svm9TEoMgFzB,https://api.spotify.com/v1/tracks/4Lvc9SbPc0svm9TEoMgFzB,https://api.spotify.com/v1/audio-analysis/4Lvc9SbPc0svm9TEoMgFzB,242800,4
96,0.581,0.827,1,-4.566,1,0.141,0.0101,0.0,0.0522,0.549,174.013,audio_features,5i66xrvSh1MjjyDd6zcwgj,spotify:track:5i66xrvSh1MjjyDd6zcwgj,https://api.spotify.com/v1/tracks/5i66xrvSh1MjjyDd6zcwgj,https://api.spotify.com/v1/audio-analysis/5i66xrvSh1MjjyDd6zcwgj,275987,4
97,0.76,0.801,5,-3.769,1,0.0534,0.0144,1.49e-05,0.665,0.653,109.919,audio_features,7GbqE3MlkKosIaCvf50JRK,spotify:track:7GbqE3MlkKosIaCvf50JRK,https://api.spotify.com/v1/tracks/7GbqE3MlkKosIaCvf50JRK,https://api.spotify.com/v1/audio-analysis/7GbqE3MlkKosIaCvf50JRK,264893,4
98,0.855,0.587,8,-4.589,1,0.0336,0.0505,0.00714,0.105,0.64,111.97,audio_features,1vxw6aYJls2oq3gW0DujAo,spotify:track:1vxw6aYJls2oq3gW0DujAo,https://api.spotify.com/v1/tracks/1vxw6aYJls2oq3gW0DujAo,https://api.spotify.com/v1/audio-analysis/1vxw6aYJls2oq3gW0DujAo,177466,4
99,0.774,0.839,5,-3.948,0,0.114,0.027,0.0166,0.252,0.923,142.985,audio_features,26nr9XnFCYWxBTIP7HyWXg,spotify:track:26nr9XnFCYWxBTIP7HyWXg,https://api.spotify.com/v1/tracks/26nr9XnFCYWxBTIP7HyWXg,https://api.spotify.com/v1/audio-analysis/26nr9XnFCYWxBTIP7HyWXg,198813,4
100,0.407,0.558,0,-13.609,1,0.0552,0.0541,1.51e-06,0.34,0.777,71.815,audio_features,3N4DI1vuTSX1tz7fa2NQZw,spotify:track:3N4DI1vuTSX1tz7fa2NQZw,https://api.spotify.com/v1/tracks/3N4DI1vuTSX1tz7fa2NQZw,https://api.spotify.com/v1/audio-analysis/3N4DI1vuTSX1tz7fa2NQZw,214947,4
101,0.793,0.859,0,-3.774,1,0.0332,0.266,0.000356,0.133,0.964,129.911,audio_features,1zusIxNqJu8i4g6P6hJ2Qa,spotify:track:1zusIxNqJu8i4g6P6hJ2Qa,https://api.spotify.com/v1/tracks/1zusIxNqJu8i4g6P6hJ2Qa,https://api.spotify.com/v1/audio-analysis/1zusIxNqJu8i4g6P6hJ2Qa,219920,4
102,0.521,0.688,6,-5.589,1,0.0293,0.176,0.00306,0.254,0.596,105.72,audio_features,659zJElV05fcYUNQeIWUaS,spotify:track:659zJElV05fcYUNQeIWUaS,https://api.spotify.com/v1/tracks/659zJElV05fcYUNQeIWUaS,https://api.spotify.com/v1/audio-analysis/659zJElV05fcYUNQeIWUaS,338280,4
103,0.651,0.663,0,-5.569,0,0.0281,0.228,0.0,0.0994,0.465,102.0,audio_features,4llK75pXNWZz6KAho2Gp16,spotify:track:4llK75pXNWZz6KAho2Gp16,https://api.spotify.com/v1/tracks/4llK75pXNWZz6KAho2Gp16,https://api.spotify.com/v1/audio-analysis/4llK75pXNWZz6KAho2Gp16,259453,4
104,0.469,0.132,10,-14.001,1,0.0798,0.928,0.0,0.0873,0.36,66.989,audio_features,2ZA4uMlSZjaoWGFqP1tsLI,spotify:track:2ZA4uMlSZjaoWGFqP1tsLI,https://api.spotify.com/v1/tracks/2ZA4uMlSZjaoWGFqP1tsLI,https://api.spotify.com/v1/audio-analysis/2ZA4uMlSZjaoWGFqP1tsLI,281467,3
105,0.635,0.647,5,-5.864,1,0.0366,0.192,0.0,0.154,0.201,104.058,audio_features,6LtPIXlIzPOTF8vTecYjRe,spotify:track:6LtPIXlIzPOTF8vTecYjRe,https://api.spotify.com/v1/tracks/6LtPIXlIzPOTF8vTecYjRe,https://api.spotify.com/v1/audio-analysis/6LtPIXlIzPOTF8vTecYjRe,262693,4
106,0.512,0.525,5,-6.823,1,0.0401,0.327,3.3e-06,0.081,0.294,169.951,audio_features,4kbz7rHVbyjKasuuqelccQ,spotify:track:4kbz7rHVbyjKasuuqelccQ,https://api.spotify.com/v1/tracks/4kbz7rHVbyjKasuuqelccQ,https://api.spotify.com/v1/audio-analysis/4kbz7rHVbyjKasuuqelccQ,240040,4
107,0.64,0.743,10,-4.08,1,0.0379,0.269,0.0,0.101,0.361,122.035,audio_features,5fVZC9GiM4e8vu99W0Xf6J,spotify:track:5fVZC9GiM4e8vu99W0Xf6J,https://api.spotify.com/v1/tracks/5fVZC9GiM4e8vu99W0Xf6J,https://api.spotify.com/v1/audio-analysis/5fVZC9GiM4e8vu99W0Xf6J,262533,4
108,0.72,0.808,6,-5.627,1,0.0379,0.00793,0.0293,0.0634,0.869,126.041,audio_features,49X0LAl6faAusYq02PRAY6,spotify:track:49X0LAl6faAusYq02PRAY6,https://api.spotify.com/v1/tracks/49X0LAl6faAusYq02PRAY6,https://api.spotify.com/v1/audio-analysis/49X0LAl6faAusYq02PRAY6,307154,4
109,0.652,0.609,11,-7.519,0,0.037,0.263,0.00101,0.233,0.482,95.986,audio_features,0KQx6HOpJueiSkztcS0r7D,spotify:track:0KQx6HOpJueiSkztcS0r7D,https://api.spotify.com/v1/tracks/0KQx6HOpJueiSkztcS0r7D,https://api.spotify.com/v1/audio-analysis/0KQx6HOpJueiSkztcS0r7D,210200,3
110,0.663,0.746,2,-3.567,0,0.0321,0.0697,0.0,0.0929,0.325,102.847,audio_features,3xl7PsO7Hzuig6To9FgDm6,spotify:track:3xl7PsO7Hzuig6To9FgDm6,https://api.spotify.com/v1/tracks/3xl7PsO7Hzuig6To9FgDm6,https://api.spotify.com/v1/audio-analysis/3xl7PsO7Hzuig6To9FgDm6,257427,4
111,0.756,0.632,7,-8.441,1,0.164,0.000165,0.000886,0.0963,0.505,99.009,audio_features,3U3Ff8ZvL6oEu1r98gCCWW,spotify:track:3U3Ff8ZvL6oEu1r98gCCWW,https://api.spotify.com/v1/tracks/3U3Ff8ZvL6oEu1r98gCCWW,https://api.spotify.com/v1/audio-analysis/3U3Ff8ZvL6oEu1r98gCCWW,246960,4
112,0.37,0.858,11,-4.885,0,0.0545,0.00815,2.12e-05,0.229,0.464,175.077,audio_features,3UygY7qW2cvG9Llkay6i1i,spotify:track:3UygY7qW2cvG9Llkay6i1i,https://api.spotify.com/v1/tracks/3UygY7qW2cvG9Llkay6i1i,https://api.spotify.com/v1/audio-analysis/3UygY7qW2cvG9Llkay6i1i,214947,4
113,0.631,0.804,0,-6.001,1,0.0241,0.0421,1.5e-06,0.249,0.476,98.015,audio_features,1uckBSSDWMjRiNJ5bpWCHI,spotify:track:1uckBSSDWMjRiNJ5bpWCHI,https://api.spotify.com/v1/tracks/1uckBSSDWMjRiNJ5bpWCHI,https://api.spotify.com/v1/audio-analysis/1uckBSSDWMjRiNJ5bpWCHI,237667,4
114,0.451,0.931,9,-3.871,1,0.0719,0.00076,0.0049,0.361,0.172,122.961,audio_features,1jJci4qxiYcOHhQR247rEU,spotify:track:1jJci4qxiYcOHhQR247rEU,https://api.spotify.com/v1/tracks/1jJci4qxiYcOHhQR247rEU,https://api.spotify.com/v1/audio-analysis/1jJci4qxiYcOHhQR247rEU,302840,4
115,0.673,0.886,1,-4.44,0,0.0431,0.185,0.0,0.0826,0.795,97.012,audio_features,4HlFJV71xXKIGcU3kRyttv,spotify:track:4HlFJV71xXKIGcU3kRyttv,https://api.spotify.com/v1/tracks/4HlFJV71xXKIGcU3kRyttv,https://api.spotify.com/v1/audio-analysis/4HlFJV71xXKIGcU3kRyttv,216773,4
116,0.818,0.705,6,-6.679,1,0.177,0.00836,0.00233,0.613,0.772,138.559,audio_features,0d28khcov6AiegSCpG5TuT,spotify:track:0d28khcov6AiegSCpG5TuT,https://api.spotify.com/v1/tracks/0d28khcov6AiegSCpG5TuT,https://api.spotify.com/v1/audio-analysis/0d28khcov6AiegSCpG5TuT,222640,4
117,0.496,0.857,0,-3.313,1,0.0649,0.0622,0.0,0.0495,0.619,167.144,audio_features,0wG4gampO24nC7VKm5pxjg,spotify:track:0wG4gampO24nC7VKm5pxjg,https://api.spotify.com/v1/tracks/0wG4gampO24nC7VKm5pxjg,https://api.spotify.com/v1/audio-analysis/0wG4gampO24nC7VKm5pxjg,223813,4
118,0.599,0.732,5,-6.843,1,0.026,0.0145,0.000467,0.143,0.295,97.997,audio_features,2Ms33RTRCT6gArrpcrPxmo,spotify:track:2Ms33RTRCT6gArrpcrPxmo,https://api.spotify.com/v1/tracks/2Ms33RTRCT6gArrpcrPxmo,https://api.spotify.com/v1/audio-analysis/2Ms33RTRCT6gArrpcrPxmo,263867,4
119,0.472,0.671,4,-4.649,1,0.029,0.0129,0.0,0.159,0.0681,82.952,audio_features,77loZpT5Y5PRP1S451P9Yz,spotify:track:77loZpT5Y5PRP1S451P9Yz,https://api.spotify.com/v1/tracks/77loZpT5Y5PRP1S451P9Yz,https://api.spotify.com/v1/audio-analysis/77loZpT5Y5PRP1S451P9Yz,232800,4
120,0.653,0.429,11,-10.473,1,0.0297,0.0849,0.00371,0.0693,0.627,146.073,audio_features,7H3ojI1BsVy0dEJENqMt1k,spotify:track:7H3ojI1BsVy0dEJENqMt1k,https://api.spotify.com/v1/tracks/7H3ojI1BsVy0dEJENqMt1k,https://api.spotify.com/v1/audio-analysis/7H3ojI1BsVy0dEJENqMt1k,274933,4
121,0.514,0.911,1,-2.027,0,0.41,0.0559,0.0,0.775,0.619,161.109,audio_features,2Mpj1Ul5OFPyyP4wB62Rvi,spotify:track:2Mpj1Ul5OFPyyP4wB62Rvi,https://api.spotify.com/v1/tracks/2Mpj1Ul5OFPyyP4wB62Rvi,https://api.spotify.com/v1/audio-analysis/2Mpj1Ul5OFPyyP4wB62Rvi,254027,4
122,0.706,0.8,5,-6.333,1,0.0399,0.00584,0.0,0.0822,0.629,100.011,audio_features,3U5JVgI2x4rDyHGObzJfNf,spotify:track:3U5JVgI2x4rDyHGObzJfNf,https://api.spotify.com/v1/tracks/3U5JVgI2x4rDyHGObzJfNf,https://api.spotify.com/v1/audio-analysis/3U5JVgI2x4rDyHGObzJfNf,259333,4
123,0.448,0.665,9,-4.203,1,0.026,0.06,2.55e-05,0.0828,0.304,172.004,audio_features,1SKPmfSYaPsETbRHaiA18G,spotify:track:1SKPmfSYaPsETbRHaiA18G,https://api.spotify.com/v1/tracks/1SKPmfSYaPsETbRHaiA18G,https://api.spotify.com/v1/audio-analysis/1SKPmfSYaPsETbRHaiA18G,237147,4
124,0.623,0.669,0,-9.985,1,0.0412,0.211,3.2e-06,0.111,0.492,94.028,audio_features,6CU0zWIWVTEnmWpSjVHM93,spotify:track:6CU0zWIWVTEnmWpSjVHM93,https://api.spotify.com/v1/tracks/6CU0zWIWVTEnmWpSjVHM93,https://api.spotify.com/v1/audio-analysis/6CU0zWIWVTEnmWpSjVHM93,245200,4
125,0.422,0.712,11,-5.907,0,0.1,0.273,0.0,0.051,0.471,78.454,audio_features,2CvOqDpQIMw69cCzWqr5yr,spotify:track:2CvOqDpQIMw69cCzWqr5yr,https://api.spotify.com/v1/tracks/2CvOqDpQIMw69cCzWqr5yr,https://api.spotify.com/v1/audio-analysis/2CvOqDpQIMw69cCzWqr5yr,261160,4
126,0.644,0.549,1,-5.415,0,0.0285,0.0209,8.85e-06,0.134,0.167,90.04,audio_features,6IwKcFdiRQZOWeYNhUiWIv,spotify:track:6IwKcFdiRQZOWeYNhUiWIv,https://api.spotify.com/v1/tracks/6IwKcFdiRQZOWeYNhUiWIv,https://api.spotify.com/v1/audio-analysis/6IwKcFdiRQZOWeYNhUiWIv,253813,4
127,0.542,0.905,9,-5.653,1,0.054,0.00172,0.0104,0.136,0.374,153.398,audio_features,5A1FmxbYVRZKy4nc16MAue,spotify:track:5A1FmxbYVRZKy4nc16MAue,https://api.spotify.com/v1/tracks/5A1FmxbYVRZKy4nc16MAue,https://api.spotify.com/v1/audio-analysis/5A1FmxbYVRZKy4nc16MAue,203347,4
128,0.755,0.837,2,-2.718,0,0.142,0.0991,0.0,0.289,0.714,120.028,audio_features,0HPD5WQqrq7wPWR7P7Dw1i,spotify:track:0HPD5WQqrq7wPWR7P7Dw1i,https://api.spotify.com/v1/tracks/0HPD5WQqrq7wPWR7P7Dw1i,https://api.spotify.com/v1/audio-analysis/0HPD5WQqrq7wPWR7P7Dw1i,199693,4
129,0.624,0.91,0,-5.703,1,0.0297,0.0285,0.000198,0.0789,0.767,104.042,audio_features,7kzKAuUzOITUauHAhoMoxA,spotify:track:7kzKAuUzOITUauHAhoMoxA,https://api.spotify.com/v1/tracks/7kzKAuUzOITUauHAhoMoxA,https://api.spotify.com/v1/audio-analysis/7kzKAuUzOITUauHAhoMoxA,193051,4
130,0.762,0.661,1,-6.075,0,0.0687,0.15,0.0,0.256,0.769,130.009,audio_features,1hGy2eLcmC8eKx7qr1tOqx,spotify:track:1hGy2eLcmC8eKx7qr1tOqx,https://api.spotify.com/v1/tracks/1hGy2eLcmC8eKx7qr1tOqx,https://api.spotify.com/v1/audio-analysis/1hGy2eLcmC8eKx7qr1tOqx,225373,4
131,0.656,0.578,7,-8.97,0,0.0922,0.235,0.0,0.118,0.556,94.514,audio_features,3ibKnFDaa3GhpPGlOUj7ff,spotify:track:3ibKnFDaa3GhpPGlOUj7ff,https://api.spotify.com/v1/tracks/3ibKnFDaa3GhpPGlOUj7ff,https://api.spotify.com/v1/audio-analysis/3ibKnFDaa3GhpPGlOUj7ff,256733,4
132,0.72,0.808,6,-5.627,1,0.0379,0.00793,0.0293,0.0634,0.869,126.041,audio_features,49X0LAl6faAusYq02PRAY6,spotify:track:49X0LAl6faAusYq02PRAY6,https://api.spotify.com/v1/tracks/49X0LAl6faAusYq02PRAY6,https://api.spotify.com/v1/audio-analysis/49X0LAl6faAusYq02PRAY6,307154,4
133,0.724,0.695,11,-5.226,1,0.0622,0.073,0.0,0.0889,0.235,139.0,audio_features,4fixebDZAVToLbUCuEloa2,spotify:track:4fixebDZAVToLbUCuEloa2,https://api.spotify.com/v1/tracks/4fixebDZAVToLbUCuEloa2,https://api.spotify.com/v1/audio-analysis/4fixebDZAVToLbUCuEloa2,224400,4
134,0.366,0.94,1,-5.119,0,0.0696,0.000769,9.42e-05,0.188,0.369,130.198,audio_features,5FZxsHWIvUsmSK1IAvm2pp,spotify:track:5FZxsHWIvUsmSK1IAvm2pp,https://api.spotify.com/v1/tracks/5FZxsHWIvUsmSK1IAvm2pp,https://api.spotify.com/v1/audio-analysis/5FZxsHWIvUsmSK1IAvm2pp,255627,4
135,0.585,0.776,5,-5.898,1,0.0459,0.0572,7.74e-06,0.3,0.427,77.987,audio_features,5xEM5hIgJ1jjgcEBfpkt2F,spotify:track:5xEM5hIgJ1jjgcEBfpkt2F,https://api.spotify.com/v1/tracks/5xEM5hIgJ1jjgcEBfpkt2F,https://api.spotify.com/v1/audio-analysis/5xEM5hIgJ1jjgcEBfpkt2F,244507,4
136,0.625,0.85,4,-3.904,1,0.0495,0.346,0.000233,0.174,0.633,94.661,audio_features,25FTMokYEbEWHEdss5JLZS,spotify:track:25FTMokYEbEWHEdss5JLZS,https://api.spotify.com/v1/tracks/25FTMokYEbEWHEdss5JLZS,https://api.spotify.com/v1/audio-analysis/25FTMokYEbEWHEdss5JLZS,241667,4
137,0.82,0.731,9,-6.02,1,0.159,0.0133,1.94e-05,0.131,0.793,127.076,audio_features,5RzFJd6W40SDTyZkX6xx45,spotify:track:5RzFJd6W40SDTyZkX6xx45,https://api.spotify.com/v1/tracks/5RzFJd6W40SDTyZkX6xx45,https://api.spotify.com/v1/audio-analysis/5RzFJd6W40SDTyZkX6xx45,237120,4
138,0.456,0.573,5,-3.866,0,0.0275,0.578,3.05e-06,0.114,0.0992,76.19,audio_features,3TCauNPqFiniaYHBvEVoHG,spotify:track:3TCauNPqFiniaYHBvEVoHG,https://api.spotify.com/v1/tracks/3TCauNPqFiniaYHBvEVoHG,https://api.spotify.com/v1/audio-analysis/3TCauNPqFiniaYHBvEVoHG,238560,4
139,0.555,0.717,2,-5.114,1,0.0269,0.0414,0.0,0.116,0.374,112.03,audio_features,2n6FX3Jcg4b4Leoz0GOqBF,spotify:track:2n6FX3Jcg4b4Leoz0GOqBF,https://api.spotify.com/v1/tracks/2n6FX3Jcg4b4Leoz0GOqBF,https://api.spotify.com/v1/audio-analysis/2n6FX3Jcg4b4Leoz0GOqBF,208507,4
140,0.878,0.724,10,-5.373,0,0.129,0.168,0.0116,0.133,0.904,121.906,audio_features,7hhclvecTpNxNNRCk7NUoc,spotify:track:7hhclvecTpNxNNRCk7NUoc,https://api.spotify.com/v1/tracks/7hhclvecTpNxNNRCk7NUoc,https://api.spotify.com/v1/audio-analysis/7hhclvecTpNxNNRCk7NUoc,295400,4
141,0.484,0.368,6,-7.784,1,0.0341,0.74,3.82e-05,0.118,0.142,92.923,audio_features,5sra5UY6sD658OabHL3QtI,spotify:track:5sra5UY6sD658OabHL3QtI,https://api.spotify.com/v1/tracks/5sra5UY6sD658OabHL3QtI,https://api.spotify.com/v1/audio-analysis/5sra5UY6sD658OabHL3QtI,216480,4
142,0.894,0.791,2,-4.699,1,0.112,0.0183,0.0,0.0388,0.583,105.018,audio_features,5rb9QrpfcKFHM1EUbSIurX,spotify:track:5rb9QrpfcKFHM1EUbSIurX,https://api.spotify.com/v1/tracks/5rb9QrpfcKFHM1EUbSIurX,https://api.spotify.com/v1/audio-analysis/5rb9QrpfcKFHM1EUbSIurX,250373,4
143,0.534,0.87,11,-3.078,0,0.0425,0.000334,0.0,0.241,0.462,126.019,audio_features,0JiY190vktuhSGN6aqJdrt,spotify:track:0JiY190vktuhSGN6aqJdrt,https://api.spotify.com/v1/tracks/0JiY190vktuhSGN6aqJdrt,https://api.spotify.com/v1/audio-analysis/0JiY190vktuhSGN6aqJdrt,215160,4
144,0.489,0.649,9,-5.11,1,0.0336,0.000603,0.713,0.101,0.77,158.009,audio_features,57Xjny5yNzAcsxnusKmAfA,spotify:track:57Xjny5yNzAcsxnusKmAfA,https://api.spotify.com/v1/tracks/57Xjny5yNzAcsxnusKmAfA,https://api.spotify.com/v1/audio-analysis/57Xjny5yNzAcsxnusKmAfA,219827,4
145,0.673,0.886,1,-4.44,0,0.0431,0.185,0.0,0.0826,0.795,97.012,audio_features,4HlFJV71xXKIGcU3kRyttv,spotify:track:4HlFJV71xXKIGcU3kRyttv,https://api.spotify.com/v1/tracks/4HlFJV71xXKIGcU3kRyttv,https://api.spotify.com/v1/audio-analysis/4HlFJV71xXKIGcU3kRyttv,216773,4
146,0.647,0.729,5,-6.251,1,0.0236,0.0206,0.0489,0.134,0.687,94.01,audio_features,7vFv0yFGMJW3qVXbAd9BK9,spotify:track:7vFv0yFGMJW3qVXbAd9BK9,https://api.spotify.com/v1/tracks/7vFv0yFGMJW3qVXbAd9BK9,https://api.spotify.com/v1/audio-analysis/7vFv0yFGMJW3qVXbAd9BK9,249627,4
147,0.727,0.552,2,-8.074,0,0.14,0.227,0.000164,0.198,0.607,168.189,audio_features,0ARK753YaiJbpLUk7z5yIM,spotify:track:0ARK753YaiJbpLUk7z5yIM,https://api.spotify.com/v1/tracks/0ARK753YaiJbpLUk7z5yIM,https://api.spotify.com/v1/audio-analysis/0ARK753YaiJbpLUk7z5yIM,289160,4
148,0.56,0.595,9,-4.53,1,0.0274,0.199,6.47e-05,0.132,0.144,104.011,audio_features,5hnyJvgoWiQUYZttV4wXy6,spotify:track:5hnyJvgoWiQUYZttV4wXy6,https://api.spotify.com/v1/tracks/5hnyJvgoWiQUYZttV4wXy6,https://api.spotify.com/v1/audio-analysis/5hnyJvgoWiQUYZttV4wXy6,267960,4
149,0.706,0.8,5,-6.333,1,0.0399,0.00584,0.0,0.0822,0.629,100.011,audio_features,3U5JVgI2x4rDyHGObzJfNf,spotify:track:3U5JVgI2x4rDyHGObzJfNf,https://api.spotify.com/v1/tracks/3U5JVgI2x4rDyHGObzJfNf,https://api.spotify.com/v1/audio-analysis/3U5JVgI2x4rDyHGObzJfNf,259333,4
150,0.624,0.654,8,-6.582,0,0.183,0.577,0.0,0.104,0.564,73.898,audio_features,7Lf7oSEVdzZqTA0kEDSlS5,spotify:track:7Lf7oSEVdzZqTA0kEDSlS5,https://api.spotify.com/v1/tracks/7Lf7oSEVdzZqTA0kEDSlS5,https://api.spotify.com/v1/audio-analysis/7Lf7oSEVdzZqTA0kEDSlS5,288333,4
151,0.63,0.504,6,-6.152,1,0.0334,0.0953,0.0,0.308,0.487,89.946,audio_features,1oQZk2bKBLgP1cbuFKvjkq,spotify:track:1oQZk2bKBLgP1cbuFKvjkq,https://api.spotify.com/v1/tracks/1oQZk2bKBLgP1cbuFKvjkq,https://api.spotify.com/v1/audio-analysis/1oQZk2bKBLgP1cbuFKvjkq,249867,4
152,0.597,0.837,10,-6.518,1,0.375,0.00427,0.00115,0.839,0.447,126.342,audio_features,1xNcBAoUw8Hz6LqK2jt4Ff,spotify:track:1xNcBAoUw8Hz6LqK2jt4Ff,https://api.spotify.com/v1/tracks/1xNcBAoUw8Hz6LqK2jt4Ff,https://api.spotify.com/v1/audio-analysis/1xNcBAoUw8Hz6LqK2jt4Ff,171360,4
153,0.682,0.944,11,-6.956,1,0.0375,0.186,0.000208,0.127,0.432,129.99,audio_features,2ythTsnUtYWtpMaOaJhsHz,spotify:track:2ythTsnUtYWtpMaOaJhsHz,https://api.spotify.com/v1/tracks/2ythTsnUtYWtpMaOaJhsHz,https://api.spotify.com/v1/audio-analysis/2ythTsnUtYWtpMaOaJhsHz,236880,4
154,0.653,0.429,11,-10.473,1,0.0297,0.0849,0.00371,0.0693,0.627,146.073,audio_features,7H3ojI1BsVy0dEJENqMt1k,spotify:track:7H3ojI1BsVy0dEJENqMt1k,https://api.spotify.com/v1/tracks/7H3ojI1BsVy0dEJENqMt1k,https://api.spotify.com/v1/audio-analysis/7H3ojI1BsVy0dEJENqMt1k,274933,4
155,0.605,0.629,10,-5.051,1,0.0278,0.434,0.0,0.097,0.308,99.893,audio_features,4AFwnrH5atiJoAd5xS5QtR,spotify:track:4AFwnrH5atiJoAd5xS5QtR,https://api.spotify.com/v1/tracks/4AFwnrH5atiJoAd5xS5QtR,https://api.spotify.com/v1/audio-analysis/4AFwnrH5atiJoAd5xS5QtR,241373,4
156,0.276,0.715,0,-5.356,1,0.0432,0.00552,0.000417,0.201,0.173,137.028,audio_features,2TYC9SaRhYypUQzB1ZVTG2,spotify:track:2TYC9SaRhYypUQzB1ZVTG2,https://api.spotify.com/v1/tracks/2TYC9SaRhYypUQzB1ZVTG2,https://api.spotify.com/v1/audio-analysis/2TYC9SaRhYypUQzB1ZVTG2,230760,4
157,0.741,0.759,0,-5.096,0,0.12,0.0218,0.0,0.628,0.362,97.084,audio_features,3jVSV60WZE5jPE2a6KGNFy,spotify:track:3jVSV60WZE5jPE2a6KGNFy,https://api.spotify.com/v1/tracks/3jVSV60WZE5jPE2a6KGNFy,https://api.spotify.com/v1/audio-analysis/3jVSV60WZE5jPE2a6KGNFy,225533,4
158,0.699,0.83,1,-4.898,1,0.0633,0.00243,0.00024,0.0995,0.889,105.809,audio_features,6kopmMZiyLmw7h66uXcXR7,spotify:track:6kopmMZiyLmw7h66uXcXR7,https://api.spotify.com/v1/tracks/6kopmMZiyLmw7h66uXcXR7,https://api.spotify.com/v1/audio-analysis/6kopmMZiyLmw7h66uXcXR7,219413,4
159,0.792,0.697,2,-4.204,1,0.032,0.0946,0.0899,0.131,0.22,120.051,audio_features,4N6R6yqkFUTyF3AYOdR0T7,spotify:track:4N6R6yqkFUTyF3AYOdR0T7,https://api.spotify.com/v1/tracks/4N6R6yqkFUTyF3AYOdR0T7,https://api.spotify.com/v1/audio-analysis/4N6R6yqkFUTyF3AYOdR0T7,242787,4
160,0.765,0.754,8,-3.736,1,0.0764,0.0053,0.000286,0.157,0.404,91.973,audio_features,76Y07hjDi7fjJnZKsQbEaF,spotify:track:76Y07hjDi7fjJnZKsQbEaF,https://api.spotify.com/v1/tracks/76Y07hjDi7fjJnZKsQbEaF,https://api.spotify.com/v1/audio-analysis/76Y07hjDi7fjJnZKsQbEaF,199840,4
161,0.662,0.949,6,-4.758,1,0.108,0.128,0.0,0.135,0.516,91.954,audio_features,4UQDZlZhGUDoYMohwrY28v,spotify:track:4UQDZlZhGUDoYMohwrY28v,https://api.spotify.com/v1/tracks/4UQDZlZhGUDoYMohwrY28v,https://api.spotify.com/v1/audio-analysis/4UQDZlZhGUDoYMohwrY28v,229360,4
162,0.332,0.214,4,-12.518,1,0.0349,0.845,5.62e-06,0.0839,0.11,67.531,audio_features,4eHbdreAnSOrDDsFfc4Fpm,spotify:track:4eHbdreAnSOrDDsFfc4Fpm,https://api.spotify.com/v1/tracks/4eHbdreAnSOrDDsFfc4Fpm,https://api.spotify.com/v1/audio-analysis/4eHbdreAnSOrDDsFfc4Fpm,271093,4
163,0.502,0.89,4,-5.175,1,0.0364,0.000147,0.0117,0.217,0.259,133.52,audio_features,57bgtoPSgt236HzfBOd8kj,spotify:track:57bgtoPSgt236HzfBOd8kj,https://api.spotify.com/v1/tracks/57bgtoPSgt236HzfBOd8kj,https://api.spotify.com/v1/audio-analysis/57bgtoPSgt236HzfBOd8kj,292880,4
164,0.695,0.945,10,-6.165,0,0.0418,0.00341,0.0727,0.103,0.84,125.013,audio_features,5yaCquc7koPqtgj7v0lwHX,spotify:track:5yaCquc7koPqtgj7v0lwHX,https://api.spotify.com/v1/tracks/5yaCquc7koPqtgj7v0lwHX,https://api.spotify.com/v1/audio-analysis/5yaCquc7koPqtgj7v0lwHX,246427,4
165,0.614,0.928,8,-4.806,0,0.0516,0.0408,0.00104,0.0845,0.879,172.656,audio_features,4r8lRYnoOGdEi6YyI5OC1o,spotify:track:4r8lRYnoOGdEi6YyI5OC1o,https://api.spotify.com/v1/tracks/4r8lRYnoOGdEi6YyI5OC1o,https://api.spotify.com/v1/audio-analysis/4r8lRYnoOGdEi6YyI5OC1o,200560,4
166,0.431,0.723,8,-5.887,1,0.0568,0.145,0.0,0.374,0.19,130.141,audio_features,7wuJGgpTNzbUyn26IOY6rj,spotify:track:7wuJGgpTNzbUyn26IOY6rj,https://api.spotify.com/v1/tracks/7wuJGgpTNzbUyn26IOY6rj,https://api.spotify.com/v1/audio-analysis/7wuJGgpTNzbUyn26IOY6rj,267360,4
167,0.777,0.601,2,-5.931,1,0.126,0.0406,0.00201,0.0348,0.68,97.911,audio_features,3XKIUb7HzIF1Vu9usunMzc,spotify:track:3XKIUb7HzIF1Vu9usunMzc,https://api.spotify.com/v1/tracks/3XKIUb7HzIF1Vu9usunMzc,https://api.spotify.com/v1/audio-analysis/3XKIUb7HzIF1Vu9usunMzc,261973,4
168,0.663,0.838,0,-5.744,0,0.0286,0.2,0.000177,0.0782,0.752,112.788,audio_features,6WK9dVrRABMkUXFLNlgWFh,spotify:track:6WK9dVrRABMkUXFLNlgWFh,https://api.spotify.com/v1/tracks/6WK9dVrRABMkUXFLNlgWFh,https://api.spotify.com/v1/audio-analysis/6WK9dVrRABMkUXFLNlgWFh,255133,4
169,0.622,0.807,5,-6.752,0,0.408,0.103,0.0,0.306,0.892,174.06,audio_features,6x4tKaOzfNJpEJHySoiJcs,spotify:track:6x4tKaOzfNJpEJHySoiJcs,https://api.spotify.com/v1/tracks/6x4tKaOzfNJpEJHySoiJcs,https://api.spotify.com/v1/audio-analysis/6x4tKaOzfNJpEJHySoiJcs,220293,4
170,0.748,0.939,0,-4.288,0,0.0341,0.0534,0.0,0.32,0.96,104.001,audio_features,1DSJNBNhGZCigg9ll5VeZv,spotify:track:1DSJNBNhGZCigg9ll5VeZv,https://api.spotify.com/v1/tracks/1DSJNBNhGZCigg9ll5VeZv,https://api.spotify.com/v1/audio-analysis/1DSJNBNhGZCigg9ll5VeZv,198067,4
171,0.765,0.29,4,-17.117,0,0.139,0.0279,0.0,0.571,0.506,92.409,audio_features,0Q0IVlqMV64kNLlwjPj0Hl,spotify:track:0Q0IVlqMV64kNLlwjPj0Hl,https://api.spotify.com/v1/tracks/0Q0IVlqMV64kNLlwjPj0Hl,https://api.spotify.com/v1/audio-analysis/0Q0IVlqMV64kNLlwjPj0Hl,298773,4
172,0.575,0.886,5,-5.182,1,0.034,0.0647,0.000187,0.709,0.609,96.31,audio_features,1Jaah2tmN9Hv81A87KZ1MU,spotify:track:1Jaah2tmN9Hv81A87KZ1MU,https://api.spotify.com/v1/tracks/1Jaah2tmN9Hv81A87KZ1MU,https://api.spotify.com/v1/audio-analysis/1Jaah2tmN9Hv81A87KZ1MU,244667,4
173,0.425,0.954,1,-3.756,0,0.0476,0.00414,0.0,0.0555,0.933,178.043,audio_features,0Ph6L4l8dYUuXFmb71Ajnd,spotify:track:0Ph6L4l8dYUuXFmb71Ajnd,https://api.spotify.com/v1/tracks/0Ph6L4l8dYUuXFmb71Ajnd,https://api.spotify.com/v1/audio-analysis/0Ph6L4l8dYUuXFmb71Ajnd,243160,4
174,0.708,0.19,5,-16.578,1,0.0326,0.194,0.226,0.0916,0.47,93.669,audio_features,6WgBIPHwkQhCqMNnR5hQCN,spotify:track:6WgBIPHwkQhCqMNnR5hQCN,https://api.spotify.com/v1/tracks/6WgBIPHwkQhCqMNnR5hQCN,https://api.spotify.com/v1/audio-analysis/6WgBIPHwkQhCqMNnR5hQCN,252493,4
175,0.428,0.276,4,-11.729,1,0.0312,0.732,5.33e-06,0.117,0.0382,99.195,audio_features,33LC84JgLvK2KuW43MfaNq,spotify:track:33LC84JgLvK2KuW43MfaNq,https://api.spotify.com/v1/tracks/33LC84JgLvK2KuW43MfaNq,https://api.spotify.com/v1/audio-analysis/33LC84JgLvK2KuW43MfaNq,280000,1
176,0.771,0.685,1,-4.639,1,0.0567,0.00543,0.00157,0.0537,0.683,88.997,audio_features,4pmc2AxSEq6g7hPVlJCPyP,spotify:track:4pmc2AxSEq6g7hPVlJCPyP,https://api.spotify.com/v1/tracks/4pmc2AxSEq6g7hPVlJCPyP,https://api.spotify.com/v1/audio-analysis/4pmc2AxSEq6g7hPVlJCPyP,230200,4
177,0.68,0.897,5,-7.32,1,0.0415,0.165,1.91e-05,0.0668,0.894,91.776,audio_features,0YuqaTaX6wdAI3mSR6LPQt,spotify:track:0YuqaTaX6wdAI3mSR6LPQt,https://api.spotify.com/v1/tracks/0YuqaTaX6wdAI3mSR6LPQt,https://api.spotify.com/v1/audio-analysis/0YuqaTaX6wdAI3mSR6LPQt,321803,4
178,0.662,0.949,6,-4.758,1,0.108,0.128,0.0,0.135,0.516,91.954,audio_features,4UQDZlZhGUDoYMohwrY28v,spotify:track:4UQDZlZhGUDoYMohwrY28v,https://api.spotify.com/v1/tracks/4UQDZlZhGUDoYMohwrY28v,https://api.spotify.com/v1/audio-analysis/4UQDZlZhGUDoYMohwrY28v,229360,4
179,0.545,0.485,9,-8.045,1,0.0485,0.537,1.8e-06,0.104,0.101,80.948,audio_features,7woW97CfcWaKtuC6W5BP2K,spotify:track:7woW97CfcWaKtuC6W5BP2K,https://api.spotify.com/v1/tracks/7woW97CfcWaKtuC6W5BP2K,https://api.spotify.com/v1/audio-analysis/7woW97CfcWaKtuC6W5BP2K,384307,4
180,0.68,0.625,11,-7.0,0,0.0353,0.0645,5.81e-05,0.109,0.814,94.02,audio_features,3x4yV0hW5Ve3TKhFkXSqFn,spotify:track:3x4yV0hW5Ve3TKhFkXSqFn,https://api.spotify.com/v1/tracks/3x4yV0hW5Ve3TKhFkXSqFn,https://api.spotify.com/v1/audio-analysis/3x4yV0hW5Ve3TKhFkXSqFn,266000,4
181,0.572,0.721,5,-8.959,1,0.0402,0.187,7.41e-06,0.216,0.844,164.252,audio_features,05fHQeRbCSjKVS6z0WbQKJ,spotify:track:05fHQeRbCSjKVS6z0WbQKJ,https://api.spotify.com/v1/tracks/05fHQeRbCSjKVS6z0WbQKJ,https://api.spotify.com/v1/audio-analysis/05fHQeRbCSjKVS6z0WbQKJ,267000,4
182,0.603,0.407,6,-11.667,1,0.0314,0.378,1.15e-06,0.0529,0.166,121.96,audio_features,0pkIJFV6mviH9dmBYsFwTM,spotify:track:0pkIJFV6mviH9dmBYsFwTM,https://api.spotify.com/v1/tracks/0pkIJFV6mviH9dmBYsFwTM,https://api.spotify.com/v1/audio-analysis/0pkIJFV6mviH9dmBYsFwTM,215110,4
183,0.673,0.899,11,-3.528,1,0.0434,0.0911,0.0172,0.0481,0.793,129.885,audio_features,4UCTgh5jvtqoaMX6MAhUNn,spotify:track:4UCTgh5jvtqoaMX6MAhUNn,https://api.spotify.com/v1/tracks/4UCTgh5jvtqoaMX6MAhUNn,https://api.spotify.com/v1/audio-analysis/4UCTgh5jvtqoaMX6MAhUNn,224933,4
184,0.541,0.401,0,-10.499,1,0.0365,0.576,0.0,0.164,0.24,152.943,audio_features,31er9IGsfFbwqy1pH4aiTP,spotify:track:31er9IGsfFbwqy1pH4aiTP,https://api.spotify.com/v1/tracks/31er9IGsfFbwqy1pH4aiTP,https://api.spotify.com/v1/audio-analysis/31er9IGsfFbwqy1pH4aiTP,289160,3
185,0.476,0.363,1,-10.706,1,0.0296,0.2,0.0,0.055,0.243,164.555,audio_features,3ascnOSOR5MX901ylGuhcl,spotify:track:3ascnOSOR5MX901ylGuhcl,https://api.spotify.com/v1/tracks/3ascnOSOR5MX901ylGuhcl,https://api.spotify.com/v1/audio-analysis/3ascnOSOR5MX901ylGuhcl,231067,3
186,0.669,0.727,7,-7.588,1,0.0353,0.139,0.0,0.123,0.807,102.322,audio_features,6xkryXuiZU360Lngd4sx13,spotify:track:6xkryXuiZU360Lngd4sx13,https://api.spotify.com/v1/tracks/6xkryXuiZU360Lngd4sx13,https://api.spotify.com/v1/audio-analysis/6xkryXuiZU360Lngd4sx13,243493,4
187,0.761,0.639,5,-7.577,0,0.0539,0.0359,0.0,0.0945,0.922,164.088,audio_features,47TqCCnEliDp8NRDyIQoQq,spotify:track:47TqCCnEliDp8NRDyIQoQq,https://api.spotify.com/v1/tracks/47TqCCnEliDp8NRDyIQoQq,https://api.spotify.com/v1/audio-analysis/47TqCCnEliDp8NRDyIQoQq,219120,4
188,0.372,0.57,3,-7.305,1,0.0305,0.517,2.57e-06,0.141,0.234,179.907,audio_features,2Pn5gvVioma5LHPxgEBBmD,spotify:track:2Pn5gvVioma5LHPxgEBBmD,https://api.spotify.com/v1/tracks/2Pn5gvVioma5LHPxgEBBmD,https://api.spotify.com/v1/audio-analysis/2Pn5gvVioma5LHPxgEBBmD,291333,4
189,0.712,0.967,7,-5.206,1,0.047,0.0771,0.0,0.356,0.895,145.024,audio_features,3Cx4yrFaX8CeHwBMReOWXI,spotify:track:3Cx4yrFaX8CeHwBMReOWXI,https://api.spotify.com/v1/tracks/3Cx4yrFaX8CeHwBMReOWXI,https://api.spotify.com/v1/audio-analysis/3Cx4yrFaX8CeHwBMReOWXI,287733,4
190,0.731,0.867,11,-5.881,1,0.032,0.0395,0.0,0.0861,0.776,104.019,audio_features,3cfOd4CMv2snFaKAnMdnvK,spotify:track:3cfOd4CMv2snFaKAnMdnvK,https://api.spotify.com/v1/tracks/3cfOd4CMv2snFaKAnMdnvK,https://api.spotify.com/v1/audio-analysis/3cfOd4CMv2snFaKAnMdnvK,200373,4
191,0.631,0.793,8,-7.551,0,0.251,0.212,0.0,0.0441,0.826,175.814,audio_features,3pi27Gt4NetgWmEMFOCjBQ,spotify:track:3pi27Gt4NetgWmEMFOCjBQ,https://api.spotify.com/v1/tracks/3pi27Gt4NetgWmEMFOCjBQ,https://api.spotify.com/v1/audio-analysis/3pi27Gt4NetgWmEMFOCjBQ,266667,4
192,0.607,0.422,10,-13.364,0,0.499,0.209,0.0,0.0839,0.563,130.47,audio_features,3vZO25GdYuqFrR1kzZADnp,spotify:track:3vZO25GdYuqFrR1kzZADnp,https://api.spotify.com/v1/tracks/3vZO25GdYuqFrR1kzZADnp,https://api.spotify.com/v1/audio-analysis/3vZO25GdYuqFrR1kzZADnp,226987,3
193,0.609,0.923,9,-3.908,1,0.0338,0.16,4.73e-06,0.295,0.961,115.996,audio_features,0n2SEXB2qoRQg171q7XqeW,spotify:track:0n2SEXB2qoRQg171q7XqeW,https://api.spotify.com/v1/tracks/0n2SEXB2qoRQg171q7XqeW,https://api.spotify.com/v1/audio-analysis/0n2SEXB2qoRQg171q7XqeW,294987,4
194,0.769,0.505,1,-7.345,1,0.0829,0.311,7.49e-05,0.0777,0.757,171.804,audio_features,6qspW4YKycviDFjHBOaqUY,spotify:track:6qspW4YKycviDFjHBOaqUY,https://api.spotify.com/v1/tracks/6qspW4YKycviDFjHBOaqUY,https://api.spotify.com/v1/audio-analysis/6qspW4YKycviDFjHBOaqUY,279507,4
195,0.65,0.531,4,-8.335,1,0.0364,0.457,0.0,0.249,0.487,78.946,audio_features,2aBxt229cbLDOvtL7Xbb9x,spotify:track:2aBxt229cbLDOvtL7Xbb9x,https://api.spotify.com/v1/tracks/2aBxt229cbLDOvtL7Xbb9x,https://api.spotify.com/v1/audio-analysis/2aBxt229cbLDOvtL7Xbb9x,258133,4
196,0.754,0.819,0,-6.833,1,0.112,0.0684,0.0,0.345,0.818,142.137,audio_features,5bGmuxShUba9maPswDnhCs,spotify:track:5bGmuxShUba9maPswDnhCs,https://api.spotify.com/v1/tracks/5bGmuxShUba9maPswDnhCs,https://api.spotify.com/v1/audio-analysis/5bGmuxShUba9maPswDnhCs,215800,4
197,0.581,0.678,0,-4.242,1,0.0284,0.00669,0.0,0.0807,0.677,181.991,audio_features,3St0RlsL0Z0klK1mqWakQm,spotify:track:3St0RlsL0Z0klK1mqWakQm,https://api.spotify.com/v1/tracks/3St0RlsL0Z0klK1mqWakQm,https://api.spotify.com/v1/audio-analysis/3St0RlsL0Z0klK1mqWakQm,221267,4
198,0.71,0.799,6,-4.897,1,0.0328,0.22,0.000602,0.349,0.725,120.372,audio_features,4y1LsJpmMti1PfRQV9AWWe,spotify:track:4y1LsJpmMti1PfRQV9AWWe,https://api.spotify.com/v1/tracks/4y1LsJpmMti1PfRQV9AWWe,https://api.spotify.com/v1/audio-analysis/4y1LsJpmMti1PfRQV9AWWe,238267,4
199,0.574,0.913,6,-4.793,0,0.133,0.061,0.00158,0.156,0.423,115.728,audio_features,2zYzyRzz6pRmhPzyfMEC8s,spotify:track:2zYzyRzz6pRmhPzyfMEC8s,https://api.spotify.com/v1/tracks/2zYzyRzz6pRmhPzyfMEC8s,https://api.spotify.com/v1/audio-analysis/2zYzyRzz6pRmhPzyfMEC8s,208400,4
200,0.5,0.748,4,-9.072,1,0.0363,0.127,0.0,0.447,0.514,118.852,audio_features,4bHsxqR3GMrXTxEPLuK5ue,spotify:track:4bHsxqR3GMrXTxEPLuK5ue,https://api.spotify.com/v1/tracks/4bHsxqR3GMrXTxEPLuK5ue,https://api.spotify.com/v1/audio-analysis/4bHsxqR3GMrXTxEPLuK5ue,250987,4
201,0.92,0.654,11,-3.051,0,0.0401,0.0236,0.0153,0.036,0.847,117.046,audio_features,5ChkMS8OtdzJeqyybCc9R5,spotify:track:5ChkMS8OtdzJeqyybCc9R5,https://api.spotify.com/v1/tracks/5ChkMS8OtdzJeqyybCc9R5,https://api.spotify.com/v1/audio-analysis/5ChkMS8OtdzJeqyybCc9R5,293827,4
202,0.917,0.588,10,-11.047,1,0.0607,0.195,0.0,0.0914,0.828,110.077,audio_features,1mCsF9Tw4AkIZOjvZbZZdT,spotify:track:1mCsF9Tw4AkIZOjvZbZZdT,https://api.spotify.com/v1/tracks/1mCsF9Tw4AkIZOjvZbZZdT,https://api.spotify.com/v1/audio-analysis/1mCsF9Tw4AkIZOjvZbZZdT,184480,4
203,0.743,0.836,2,-6.465,1,0.116,0.0804,0.0,0.384,0.82,113.375,audio_features,39shmbIHICJ2Wxnk1fPSdz,spotify:track:39shmbIHICJ2Wxnk1fPSdz,https://api.spotify.com/v1/tracks/39shmbIHICJ2Wxnk1fPSdz,https://api.spotify.com/v1/audio-analysis/39shmbIHICJ2Wxnk1fPSdz,188987,4
204,0.711,0.788,11,-14.705,1,0.0825,0.0117,2.05e-06,0.311,0.757,103.172,audio_features,3BGbqEDio3ocx1v4egIYr6,spotify:track:3BGbqEDio3ocx1v4egIYr6,https://api.spotify.com/v1/tracks/3BGbqEDio3ocx1v4egIYr6,https://api.spotify.com/v1/audio-analysis/3BGbqEDio3ocx1v4egIYr6,204560,4
205,0.529,0.843,6,-6.908,0,0.0616,0.0628,0.000827,0.0608,0.188,117.662,audio_features,3MrRksHupTVEQ7YbA0FsZK,spotify:track:3MrRksHupTVEQ7YbA0FsZK,https://api.spotify.com/v1/tracks/3MrRksHupTVEQ7YbA0FsZK,https://api.spotify.com/v1/audio-analysis/3MrRksHupTVEQ7YbA0FsZK,310333,4
206,0.766,0.772,0,-9.362,1,0.0353,0.403,0.0584,0.183,0.919,128.168,audio_features,0qi4b1l0eT3jpzeNHeFXDT,spotify:track:0qi4b1l0eT3jpzeNHeFXDT,https://api.spotify.com/v1/tracks/0qi4b1l0eT3jpzeNHeFXDT,https://api.spotify.com/v1/audio-analysis/0qi4b1l0eT3jpzeNHeFXDT,220893,4
207,0.31,0.7,9,-5.678,1,0.047,0.011,0.00965,0.0828,0.763,188.386,audio_features,08mG3Y1vljYA6bvDt4Wqkj,spotify:track:08mG3Y1vljYA6bvDt4Wqkj,https://api.spotify.com/v1/tracks/08mG3Y1vljYA6bvDt4Wqkj,https://api.spotify.com/v1/audio-analysis/08mG3Y1vljYA6bvDt4Wqkj,255493,4
208,0.724,0.436,0,-9.321,1,0.0282,0.576,1.19e-06,0.0908,0.324,130.439,audio_features,1Jj6MF0xDOMA3Ut2Z368Bx,spotify:track:1Jj6MF0xDOMA3Ut2Z368Bx,https://api.spotify.com/v1/tracks/1Jj6MF0xDOMA3Ut2Z368Bx,https://api.spotify.com/v1/audio-analysis/1Jj6MF0xDOMA3Ut2Z368Bx,243067,4
209,0.455,0.487,7,-7.112,1,0.0264,0.114,2.43e-06,0.358,0.139,136.482,audio_features,29wJiSQcze8HEmxkUQykyp,spotify:track:29wJiSQcze8HEmxkUQykyp,https://api.spotify.com/v1/tracks/29wJiSQcze8HEmxkUQykyp,https://api.spotify.com/v1/audio-analysis/29wJiSQcze8HEmxkUQykyp,272133,4
210,0.649,0.618,9,-10.728,1,0.0265,0.596,1.46e-06,0.192,0.667,114.688,audio_features,6r20M5DWYdIoCDmDViBxuz,spotify:track:6r20M5DWYdIoCDmDViBxuz,https://api.spotify.com/v1/tracks/6r20M5DWYdIoCDmDViBxuz,https://api.spotify.com/v1/audio-analysis/6r20M5DWYdIoCDmDViBxuz,210267,4
211,0.771,0.687,11,-9.814,1,0.0693,0.0318,0.000225,0.89,0.783,118.392,audio_features,2LlQb7Uoj1kKyGhlkBf9aC,spotify:track:2LlQb7Uoj1kKyGhlkBf9aC,https://api.spotify.com/v1/tracks/2LlQb7Uoj1kKyGhlkBf9aC,https://api.spotify.com/v1/audio-analysis/2LlQb7Uoj1kKyGhlkBf9aC,357800,4
212,0.802,0.756,2,-10.791,0,0.0349,0.0843,0.00765,0.0521,0.963,131.715,audio_features,6ztstiyZL6FXzh4aG46ZPD,spotify:track:6ztstiyZL6FXzh4aG46ZPD,https://api.spotify.com/v1/tracks/6ztstiyZL6FXzh4aG46ZPD,https://api.spotify.com/v1/audio-analysis/6ztstiyZL6FXzh4aG46ZPD,288293,4
213,0.567,0.32,2,-18.386,0,0.036,0.345,2.51e-06,0.316,0.529,76.58,audio_features,6KsgCYcZKPcBRDNGhiZWRR,spotify:track:6KsgCYcZKPcBRDNGhiZWRR,https://api.spotify.com/v1/tracks/6KsgCYcZKPcBRDNGhiZWRR,https://api.spotify.com/v1/audio-analysis/6KsgCYcZKPcBRDNGhiZWRR,392267,4
214,0.805,0.602,0,-9.7,0,0.0579,0.119,0.000122,0.0581,0.744,94.382,audio_features,3VZmChrnVW8JK6ano4gSED,spotify:track:3VZmChrnVW8JK6ano4gSED,https://api.spotify.com/v1/tracks/3VZmChrnVW8JK6ano4gSED,https://api.spotify.com/v1/audio-analysis/3VZmChrnVW8JK6ano4gSED,238600,4
215,0.398,0.952,4,-6.042,1,0.061,0.000373,7.75e-05,0.1,0.584,122.093,audio_features,0dOg1ySSI7NkpAe89Zo0b9,spotify:track:0dOg1ySSI7NkpAe89Zo0b9,https://api.spotify.com/v1/tracks/0dOg1ySSI7NkpAe89Zo0b9,https://api.spotify.com/v1/audio-analysis/0dOg1ySSI7NkpAe89Zo0b9,278680,4
216,0.783,0.836,0,-9.223,0,0.0486,0.396,0.0236,0.135,0.831,108.966,audio_features,5zWZ9iNevP0397xB3jWV2z,spotify:track:5zWZ9iNevP0397xB3jWV2z,https://api.spotify.com/v1/tracks/5zWZ9iNevP0397xB3jWV2z,https://api.spotify.com/v1/audio-analysis/5zWZ9iNevP0397xB3jWV2z,222667,4
217,0.469,0.278,3,-16.311,0,0.028,0.248,0.000126,0.133,0.331,169.735,audio_features,1pTGc8pwyo6xtgXBKCBcFn,spotify:track:1pTGc8pwyo6xtgXBKCBcFn,https://api.spotify.com/v1/tracks/1pTGc8pwyo6xtgXBKCBcFn,https://api.spotify.com/v1/audio-analysis/1pTGc8pwyo6xtgXBKCBcFn,231840,4
218,0.776,0.867,3,-3.704,0,0.0479,0.0495,7.92e-06,0.197,0.918,138.827,audio_features,1OOtq8tRnDM8kG2gqUPjAj,spotify:track:1OOtq8tRnDM8kG2gqUPjAj,https://api.spotify.com/v1/tracks/1OOtq8tRnDM8kG2gqUPjAj,https://api.spotify.com/v1/audio-analysis/1OOtq8tRnDM8kG2gqUPjAj,258040,4
219,0.651,0.801,0,-7.34,1,0.0514,0.123,0.0,0.0825,0.776,133.769,audio_features,5jzma6gCzYtKB1DbEwFZKH,spotify:track:5jzma6gCzYtKB1DbEwFZKH,https://api.spotify.com/v1/tracks/5jzma6gCzYtKB1DbEwFZKH,https://api.spotify.com/v1/audio-analysis/5jzma6gCzYtKB1DbEwFZKH,200480,4
220,0.778,0.719,4,-9.698,1,0.0345,0.0123,0.0262,0.297,0.729,115.4,audio_features,569uHYIB0X324FZOBEhvit,spotify:track:569uHYIB0X324FZOBEhvit,https://api.spotify.com/v1/tracks/569uHYIB0X324FZOBEhvit,https://api.spotify.com/v1/audio-analysis/569uHYIB0X324FZOBEhvit,239133,4
221,0.697,0.669,6,-12.723,0,0.0406,0.0404,0.00897,0.0654,0.486,108.506,audio_features,6W7ztLBiRzBN46ZaPAcQ0F,spotify:track:6W7ztLBiRzBN46ZaPAcQ0F,https://api.spotify.com/v1/tracks/6W7ztLBiRzBN46ZaPAcQ0F,https://api.spotify.com/v1/audio-analysis/6W7ztLBiRzBN46ZaPAcQ0F,290333,4
222,0.787,0.889,8,-3.786,1,0.0397,0.00462,0.423,0.0665,0.394,114.091,audio_features,2gSNBigeWMVtY3QBIvPAEc,spotify:track:2gSNBigeWMVtY3QBIvPAEc,https://api.spotify.com/v1/tracks/2gSNBigeWMVtY3QBIvPAEc,https://api.spotify.com/v1/audio-analysis/2gSNBigeWMVtY3QBIvPAEc,247360,4
223,0.578,0.477,1,-8.119,1,0.0228,0.448,0.00031,0.124,0.511,95.892,audio_features,1hZJcuz9iMoz6tLkFlIaUy,spotify:track:1hZJcuz9iMoz6tLkFlIaUy,https://api.spotify.com/v1/tracks/1hZJcuz9iMoz6tLkFlIaUy,https://api.spotify.com/v1/audio-analysis/1hZJcuz9iMoz6tLkFlIaUy,264213,4
224,0.271,0.597,8,-4.128,0,0.0311,0.158,0.00135,0.246,0.0746,103.29,audio_features,5ctrWrTwgy5xLZA4OWgY5O,spotify:track:5ctrWrTwgy5xLZA4OWgY5O,https://api.spotify.com/v1/tracks/5ctrWrTwgy5xLZA4OWgY5O,https://api.spotify.com/v1/audio-analysis/5ctrWrTwgy5xLZA4OWgY5O,388613,4
225,0.623,0.449,5,-13.333,1,0.0253,0.212,0.0,0.0613,0.572,84.383,audio_features,5tVA6TkbaAH9QMITTQRrNv,spotify:track:5tVA6TkbaAH9QMITTQRrNv,https://api.spotify.com/v1/tracks/5tVA6TkbaAH9QMITTQRrNv,https://api.spotify.com/v1/audio-analysis/5tVA6TkbaAH9QMITTQRrNv,256000,4
226,0.853,0.981,8,-3.947,1,0.0751,0.247,0.468,0.306,0.595,118.193,audio_features,5T7ywazdGIydr6JCW6t02j,spotify:track:5T7ywazdGIydr6JCW6t02j,https://api.spotify.com/v1/tracks/5T7ywazdGIydr6JCW6t02j,https://api.spotify.com/v1/audio-analysis/5T7ywazdGIydr6JCW6t02j,257760,4
227,0.69,0.744,1,-12.721,1,0.0613,0.034,0.598,0.453,0.56,136.918,audio_features,2IvetNzSZMH5gwjInoyr18,spotify:track:2IvetNzSZMH5gwjInoyr18,https://api.spotify.com/v1/tracks/2IvetNzSZMH5gwjInoyr18,https://api.spotify.com/v1/audio-analysis/2IvetNzSZMH5gwjInoyr18,324754,4
228,0.641,0.894,8,-7.41,1,0.0273,0.0857,0.009,0.157,0.972,109.823,audio_features,1KsI8NEeAna8ZIdojI3FiT,spotify:track:1KsI8NEeAna8ZIdojI3FiT,https://api.spotify.com/v1/tracks/1KsI8NEeAna8ZIdojI3FiT,https://api.spotify.com/v1/audio-analysis/1KsI8NEeAna8ZIdojI3FiT,199453,4
229,0.833,0.941,2,-5.961,1,0.105,0.497,0.0,0.0572,0.685,117.889,audio_features,0c3STgWBihlQ0NDYNibF2S,spotify:track:0c3STgWBihlQ0NDYNibF2S,https://api.spotify.com/v1/tracks/0c3STgWBihlQ0NDYNibF2S,https://api.spotify.com/v1/audio-analysis/0c3STgWBihlQ0NDYNibF2S,214107,4
230,0.654,0.743,10,-7.44,0,0.0605,0.0125,0.0272,0.153,0.632,114.846,audio_features,3ix6K4wZY29bCujrSznwFZ,spotify:track:3ix6K4wZY29bCujrSznwFZ,https://api.spotify.com/v1/tracks/3ix6K4wZY29bCujrSznwFZ,https://api.spotify.com/v1/audio-analysis/3ix6K4wZY29bCujrSznwFZ,457676,4
231,0.457,0.904,2,-5.303,1,0.0747,0.000239,0.0879,0.396,0.48,141.038,audio_features,0C80GCp0mMuBzLf3EAXqxv,spotify:track:0C80GCp0mMuBzLf3EAXqxv,https://api.spotify.com/v1/tracks/0C80GCp0mMuBzLf3EAXqxv,https://api.spotify.com/v1/audio-analysis/0C80GCp0mMuBzLf3EAXqxv,317427,4
232,0.572,0.835,0,-6.219,1,0.0317,0.171,0.000377,0.0702,0.795,129.981,audio_features,7N3PAbqfTjSEU1edb2tY8j,spotify:track:7N3PAbqfTjSEU1edb2tY8j,https://api.spotify.com/v1/tracks/7N3PAbqfTjSEU1edb2tY8j,https://api.spotify.com/v1/audio-analysis/7N3PAbqfTjSEU1edb2tY8j,241600,4
233,0.797,0.872,9,-6.727,0,0.0575,0.291,0.0,0.284,0.866,129.885,audio_features,56KqaFSGTb7ifpt16t5Y1N,spotify:track:56KqaFSGTb7ifpt16t5Y1N,https://api.spotify.com/v1/tracks/56KqaFSGTb7ifpt16t5Y1N,https://api.spotify.com/v1/audio-analysis/56KqaFSGTb7ifpt16t5Y1N,222427,4
234,0.59,0.589,7,-9.859,1,0.03,0.37,1.22e-06,0.162,0.501,114.471,audio_features,6MhK1gPrgtgRedEjSUz18I,spotify:track:6MhK1gPrgtgRedEjSUz18I,https://api.spotify.com/v1/tracks/6MhK1gPrgtgRedEjSUz18I,https://api.spotify.com/v1/audio-analysis/6MhK1gPrgtgRedEjSUz18I,231133,4
235,0.869,0.648,11,-8.698,0,0.0633,0.121,2.17e-05,0.126,0.9,125.035,audio_features,3koCCeSaVUyrRo3N2gHrd8,spotify:track:3koCCeSaVUyrRo3N2gHrd8,https://api.spotify.com/v1/tracks/3koCCeSaVUyrRo3N2gHrd8,https://api.spotify.com/v1/audio-analysis/3koCCeSaVUyrRo3N2gHrd8,339320,4
236,0.573,0.902,6,-7.638,0,0.054,0.018,0.00125,0.0928,0.876,84.412,audio_features,2WfaOiMkCvy7F5fcp2zZ8L,spotify:track:2WfaOiMkCvy7F5fcp2zZ8L,https://api.spotify.com/v1/tracks/2WfaOiMkCvy7F5fcp2zZ8L,https://api.spotify.com/v1/audio-analysis/2WfaOiMkCvy7F5fcp2zZ8L,225280,4
237,0.583,0.905,2,-6.132,1,0.0733,0.0984,0.00019,0.0593,0.646,173.982,audio_features,2vz1CsL5WBsbpBcwgboTAw,spotify:track:2vz1CsL5WBsbpBcwgboTAw,https://api.spotify.com/v1/tracks/2vz1CsL5WBsbpBcwgboTAw,https://api.spotify.com/v1/audio-analysis/2vz1CsL5WBsbpBcwgboTAw,226827,4
238,0.578,0.423,4,-9.617,1,0.176,0.122,0.000869,0.118,0.397,96.529,audio_features,0aEgfx6Ar5IZG6TrWeGH0Q,spotify:track:0aEgfx6Ar5IZG6TrWeGH0Q,https://api.spotify.com/v1/tracks/0aEgfx6Ar5IZG6TrWeGH0Q,https://api.spotify.com/v1/audio-analysis/0aEgfx6Ar5IZG6TrWeGH0Q,281453,4
239,0.551,0.628,2,-13.799,1,0.036,0.0336,0.000194,0.151,0.777,142.167,audio_features,0vLwL4xuJ3s7SeaCdvMqkY,spotify:track:0vLwL4xuJ3s7SeaCdvMqkY,https://api.spotify.com/v1/tracks/0vLwL4xuJ3s7SeaCdvMqkY,https://api.spotify.com/v1/audio-analysis/0vLwL4xuJ3s7SeaCdvMqkY,212893,4
240,0.763,0.509,11,-11.139,0,0.0533,0.458,0.000175,0.0799,0.965,94.376,audio_features,5mGq3cybgQDZgTEbu9ldV9,spotify:track:5mGq3cybgQDZgTEbu9ldV9,https://api.spotify.com/v1/tracks/5mGq3cybgQDZgTEbu9ldV9,https://api.spotify.com/v1/audio-analysis/5mGq3cybgQDZgTEbu9ldV9,267107,4
241,0.788,0.532,8,-10.334,1,0.0375,0.376,1.63e-06,0.0622,0.841,110.057,audio_features,2kDMh0Imubeo6BkV1mY7vm,spotify:track:2kDMh0Imubeo6BkV1mY7vm,https://api.spotify.com/v1/tracks/2kDMh0Imubeo6BkV1mY7vm,https://api.spotify.com/v1/audio-analysis/2kDMh0Imubeo6BkV1mY7vm,284507,4
242,0.731,0.594,4,-6.285,0,0.0345,0.0563,0.0,0.13,0.336,100.676,audio_features,3kNIXrf4wOLxBh40tA5NtN,spotify:track:3kNIXrf4wOLxBh40tA5NtN,https://api.spotify.com/v1/tracks/3kNIXrf4wOLxBh40tA5NtN,https://api.spotify.com/v1/audio-analysis/3kNIXrf4wOLxBh40tA5NtN,263493,4
243,0.588,0.908,9,-8.117,1,0.0431,0.151,0.000248,0.596,0.926,143.96,audio_features,3or3oEITvJmMwZRYeWSaen,spotify:track:3or3oEITvJmMwZRYeWSaen,https://api.spotify.com/v1/tracks/3or3oEITvJmMwZRYeWSaen,https://api.spotify.com/v1/audio-analysis/3or3oEITvJmMwZRYeWSaen,244120,4
244,0.803,0.411,6,-16.013,1,0.0521,0.312,0.00344,0.0411,0.654,126.236,audio_features,098JUtp63d1Hsge11VuoD2,spotify:track:098JUtp63d1Hsge11VuoD2,https://api.spotify.com/v1/tracks/098JUtp63d1Hsge11VuoD2,https://api.spotify.com/v1/audio-analysis/098JUtp63d1Hsge11VuoD2,188467,4
245,0.439,0.422,8,-17.227,1,0.0409,0.0148,4.84e-05,0.0697,0.551,81.833,audio_features,7G7tgVYORlDuVprcYHuFJh,spotify:track:7G7tgVYORlDuVprcYHuFJh,https://api.spotify.com/v1/tracks/7G7tgVYORlDuVprcYHuFJh,https://api.spotify.com/v1/audio-analysis/7G7tgVYORlDuVprcYHuFJh,236933,4
246,0.565,0.894,8,-5.241,1,0.175,0.00777,0.0,0.49,0.737,182.262,audio_features,6kCJMxv445L2okuTiou1fR,spotify:track:6kCJMxv445L2okuTiou1fR,https://api.spotify.com/v1/tracks/6kCJMxv445L2okuTiou1fR,https://api.spotify.com/v1/audio-analysis/6kCJMxv445L2okuTiou1fR,229200,4
247,0.439,0.794,7,-11.792,1,0.0633,0.159,1.69e-06,0.434,0.748,145.056,audio_features,6yBbmHFTxihIDFAerzDMGi,spotify:track:6yBbmHFTxihIDFAerzDMGi,https://api.spotify.com/v1/tracks/6yBbmHFTxihIDFAerzDMGi,https://api.spotify.com/v1/audio-analysis/6yBbmHFTxihIDFAerzDMGi,186600,4
248,0.78,0.565,3,-7.32,0,0.0306,0.736,0.00269,0.063,0.365,101.967,audio_features,1NCuYqMc8hKMb4cpNTcJbD,spotify:track:1NCuYqMc8hKMb4cpNTcJbD,https://api.spotify.com/v1/tracks/1NCuYqMc8hKMb4cpNTcJbD,https://api.spotify.com/v1/audio-analysis/1NCuYqMc8hKMb4cpNTcJbD,322133,4
249,0.724,0.498,11,-13.083,0,0.0423,0.0405,8.56e-05,0.0761,0.823,88.825,audio_features,7j74lucZ59vqN67Ipe2ZcY,spotify:track:7j74lucZ59vqN67Ipe2ZcY,https://api.spotify.com/v1/tracks/7j74lucZ59vqN67Ipe2ZcY,https://api.spotify.com/v1/audio-analysis/7j74lucZ59vqN67Ipe2ZcY,273173,4
250,0.676,0.695,11,-13.395,0,0.0392,0.326,1.09e-05,0.0462,0.691,114.93,audio_features,2K22nUTdyr48JDwI5t906t,spotify:track:2K22nUTdyr48JDwI5t906t,https://api.spotify.com/v1/tracks/2K22nUTdyr48JDwI5t906t,https://api.spotify.com/v1/audio-analysis/2K22nUTdyr48JDwI5t906t,236800,4
251,0.62,0.573,0,-11.893,1,0.0423,0.271,0.0,0.0607,0.897,81.548,audio_features,0ikz6tENMONtK6qGkOrU3c,spotify:track:0ikz6tENMONtK6qGkOrU3c,https://api.spotify.com/v1/tracks/0ikz6tENMONtK6qGkOrU3c,https://api.spotify.com/v1/audio-analysis/0ikz6tENMONtK6qGkOrU3c,231333,4
252,0.731,0.738,9,-8.125,0,0.0377,0.184,0.0,0.214,0.958,117.656,audio_features,3L7RtEcu1Hw3OXrpnthngx,spotify:track:3L7RtEcu1Hw3OXrpnthngx,https://api.spotify.com/v1/tracks/3L7RtEcu1Hw3OXrpnthngx,https://api.spotify.com/v1/audio-analysis/3L7RtEcu1Hw3OXrpnthngx,236920,4
253,0.699,0.692,11,-13.045,1,0.0456,0.00979,0.000326,0.0427,0.677,135.03,audio_features,6N5DRCQUSXT1qQqmqsO92B,spotify:track:6N5DRCQUSXT1qQqmqsO92B,https://api.spotify.com/v1/tracks/6N5DRCQUSXT1qQqmqsO92B,https://api.spotify.com/v1/audio-analysis/6N5DRCQUSXT1qQqmqsO92B,253293,4
254,0.899,0.421,4,-11.238,1,0.0511,0.202,4.94e-06,0.0864,0.852,109.148,audio_features,3lIpkjFnRxJ6Uvm8DgtgfV,spotify:track:3lIpkjFnRxJ6Uvm8DgtgfV,https://api.spotify.com/v1/tracks/3lIpkjFnRxJ6Uvm8DgtgfV,https://api.spotify.com/v1/audio-analysis/3lIpkjFnRxJ6Uvm8DgtgfV,276533,4
